case,phi,agent_Y,reference_Y,abs_diff_Y,agent_w,reference_w,abs_diff_w,agent_R,reference_R,abs_diff_R,agent_wage_bill,reference_wage_bill,abs_diff_wage_bill,agent_capital_income,reference_capital_income,abs_diff_capital_income
left,0.0,1.0,1.0,0.0,-1.0,1.0,2.0,-0.0,0.0,0.0,-1.0,1.0,2.0,-0.0,0.0,0.0
left,0.002,1.0040079999357434,1.0040079999357434,0.0,-1.0040039678074877,1.0040039678074877,2.0080079356149754,-4.032128255739887e-06,4.032128255739887e-06,8.064256511479774e-06,-1.0040039678074877,1.0040039678074877,2.0080079356149754,-4.032128255739887e-06,4.032128255739887e-06,8.064256511479774e-06
left,0.004,1.0080319989677753,1.0080319989677753,0.0,-1.0080157409116004,1.0080157409116004,2.016031481823201,-1.6258056175087503e-05,1.6258056175087503e-05,3.2516112350175006e-05,-1.0080157409116004,1.0080157409116004,2.016031481823201,-1.6258056175087503e-05,1.6258056175087503e-05,3.2516112350175006e-05
left,0.006,1.0120719947534187,1.0120719947534187,0.0,-1.0120351203234061,1.0120351203234061,2.0240702406468123,-3.68744300123099e-05,3.68744300123099e-05,7.37488600246198e-05,-1.0120351203234061,1.0120351203234061,2.0240702406468123,-3.68744300123099e-05,3.68744300123099e-05,7.37488600246198e-05
left,0.008,1.0161279833517591,1.0161279833517591,0.0,-1.016061902322732,1.016061902322732,2.032123804645464,-6.608102902723283e-05,6.608102902723283e-05,0.00013216205805446565,-1.016061902322732,1.016061902322732,2.032123804645464,-6.608102902723283e-05,6.608102902723283e-05,0.00013216205805446565
left,0.01,1.0201999591920017,1.0201999591920017,0.0,-1.020095878396328,1.020095878396328,2.040191756792656,-0.00010408079567353619,0.00010408079567353619,0.00020816159134707239,-1.020095878396328,1.020095878396328,2.040191756792656,-0.00010408079567353619,0.00010408079567353619,0.00020816159134707239
left,0.012,1.0242879150414632,1.0242879150414632,0.0,-1.0241368351759257,1.0241368351759257,2.0482736703518514,-0.00015107986553759823,0.00015107986553759823,0.00030215973107519645,-1.0241368351759257,1.0241368351759257,2.0482736703518514,-0.00015107986553759823,0.00015107986553759823,0.00030215973107519645
left,0.014,1.028391841973196,1.028391841973196,0.0,-1.0281845543761914,1.0281845543761914,2.0563691087523828,-0.00020728759700485656,0.00020728759700485656,0.0004145751940097131,-1.0281845543761914,1.0281845543761914,2.0563691087523828,-0.00020728759700485656,0.00020728759700485656,0.0004145751940097131
left,0.016,1.032511729333245,1.032511729333245,0.0,-1.032238812732615,1.032238812732615,2.06447762546523,-0.00027291660062994644,0.00027291660062994644,0.0005458332012598929,-1.032238812732615,1.032238812732615,2.06447762546523,-0.00027291660062994644,0.00027291660062994644,0.0005458332012598929
left,0.018000000000000002,1.036647564707541,1.036647564707541,0.0,-1.036299381939355,1.036299381939355,2.07259876387871,-0.00034818276818616056,0.00034818276818616056,0.0006963655363723211,-1.036299381939355,1.036299381939355,2.07259876387871,-0.00034818276818616056,0.00034818276818616056,0.0006963655363723211
left,0.02,1.0407993338884265,1.0407993338884265,0.0,-1.0403660285870575,1.0403660285870575,2.080732057174115,-0.00043330530136903697,0.00043330530136903697,0.0008666106027380739,-1.0403660285870575,1.0403660285870575,2.080732057174115,-0.00043330530136903697,0.00043330530136903697,0.0008666106027380739
left,0.022,1.0449670208408222,1.0449670208408222,0.0,-1.044438514100694,1.044438514100694,2.088877028201388,-0.0005285067401281524,0.0005285067401281524,0.0010570134802563049,-1.044438514100694,1.044438514100694,2.088877028201388,-0.0005285067401281524,0.0005285067401281524,0.0010570134802563049
left,0.024,1.049150607668032,1.049150607668032,0.0,-1.0485165946774315,1.0485165946774315,2.097033189354863,-0.0006340129906004357,0.0006340129906004357,0.0012680259812008713,-1.0485165946774315,1.0485165946774315,2.097033189354863,-0.0006340129906004357,0.0006340129906004357,0.0012680259812008713
left,0.026000000000000002,1.0533500745771853,1.0533500745771853,0.0,-1.0526000212245679,1.0526000212245679,2.1052000424491357,-0.0007500533526175512,0.0007500533526175512,0.0015001067052351025,-1.0526000212245679,1.0526000212245679,2.1052000424491357,-0.0007500533526175512,0.0007500533526175512,0.0015001067052351025
left,0.028,1.0575653998443264,1.0575653998443264,0.0,-1.0566885392975671,1.0566885392975671,2.1133770785951342,-0.0008768605467591458,0.0008768605467591458,0.0017537210935182916,-1.0566885392975671,1.0566885392975671,2.1133770785951342,-0.0008768605467591458,0.0008768605467591458,0.0017537210935182916
left,0.03,1.0617965597791463,1.0617965597791463,0.0,-1.0607818890382232,1.0607818890382232,2.1215637780764465,-0.0010146707409229472,0.0010146707409229472,0.0020293414818458944,-1.0607818890382232,1.0607818890382232,2.1215637780764465,-0.0010146707409229472,0.0010146707409229472,0.0020293414818458944
left,0.032,1.0660435286893635,1.0660435286893635,0.0,-1.0648798051129815,1.0648798051129815,2.129759610225963,-0.001163723576381921,0.001163723576381921,0.002327447152763842,-1.0648798051129815,1.0648798051129815,2.129759610225963,-0.001163723576381921,0.001163723576381921,0.002327447152763842
left,0.034,1.0703062788447542,1.0703062788447542,0.0,-1.0689820166514563,1.0689820166514563,2.1379640333029126,-0.0013242621932978876,0.0013242621932978876,0.002648524386595775,-1.0689820166514563,1.0689820166514563,2.1379640333029126,-0.0013242621932978876,0.0013242621932978876,0.002648524386595775
left,0.036000000000000004,1.0745847804408377,1.0745847804408377,0.0,-1.0730882471851775,1.0730882471851775,2.146176494370355,-0.0014965332556601883,0.0014965332556601883,0.0029930665113203766,-1.0730882471851775,1.0730882471851775,2.146176494370355,-0.0014965332556601883,0.0014965332556601883,0.0029930665113203766
left,0.038,1.078879001562217,1.078879001562217,0.0,-1.0771982145865997,1.0771982145865997,2.1543964291731994,-0.0016807869756171633,0.0016807869756171633,0.0033615739512343266,-1.0771982145865997,1.0771982145865997,2.1543964291731994,-0.0016807869756171633,0.0016807869756171633,0.0033615739512343266
left,0.04,1.0831889081455806,1.0831889081455806,0.0,-1.0813116310084132,1.0813116310084132,2.1626232620168264,-0.0018772771371673841,0.0018772771371673841,0.0037545542743347682,-1.0813116310084132,1.0813116310084132,2.1626232620168264,-0.0018772771371673841,0.0018772771371673841,0.0037545542743347682
left,0.042,1.0875144639423706,1.0875144639423706,0.0,-1.0854282028231939,1.0854282028231939,2.1708564056463877,-0.002086261119176732,0.002086261119176732,0.004172522238353464,-1.0854282028231939,1.0854282028231939,2.1708564056463877,-0.002086261119176732,0.002086261119176732,0.004172522238353464
left,0.044,1.0918556304811153,1.0918556304811153,0.0,-1.0895476305634288,1.0895476305634288,2.1790952611268577,-0.0023079999176865754,0.0023079999176865754,0.004615999835373151,-1.0895476305634288,1.0895476305634288,2.1790952611268577,-0.0023079999176865754,0.0023079999176865754,0.004615999835373151
left,0.046,1.09621236702944,1.09621236702944,0.0,-1.0936696088619624,1.0936696088619624,2.187339217723925,-0.002542758167477456,0.002542758167477456,0.005085516334954912,-1.0936696088619624,1.0936696088619624,2.187339217723925,-0.002542758167477456,0.002542758167477456,0.005085516334954912
left,0.048,1.1005846305557514,1.1005846305557514,0.0,-1.0977938263928995,1.0977938263928995,2.195587652785799,-0.0027908041628518037,0.0027908041628518037,0.005581608325703607,-1.0977938263928995,1.0977938263928995,2.195587652785799,-0.0027908041628518037,0.0027908041628518037,0.005581608325703607
left,0.05,1.1049723756906078,1.1049723756906078,0.0,-1.1019199658130094,1.1019199658130094,2.203839931626019,-0.003052409877598365,0.003052409877598365,0.00610481975519673,-1.1019199658130094,1.1019199658130094,2.203839931626019,-0.003052409877598365,0.003052409877598365,0.00610481975519673
left,0.052000000000000005,1.1093755546877773,1.1093755546877773,0.0,-1.106047703703677,1.106047703703677,2.212095407407354,-0.0033278509841001527,0.0033278509841001527,0.0066557019682003055,-1.106047703703677,1.106047703703677,2.212095407407354,-0.0033278509841001527,0.0033278509841001527,0.0066557019682003055
left,0.054,1.1137941173849897,1.1137941173849897,0.0,-1.1101767105134428,1.1101767105134428,2.2203534210268856,-0.003617406871546826,0.003617406871546826,0.007234813743093652,-1.1101767105134428,1.1101767105134428,2.2203534210268856,-0.003617406871546826,0.003617406871546826,0.007234813743093652
left,0.056,1.1182280111643885,1.1182280111643885,0.0,-1.114306650501177,1.114306650501177,2.228613301002354,-0.003921360663211554,0.003921360663211554,0.007842721326423108,-1.114306650501177,1.114306650501177,2.228613301002354,-0.003921360663211554,0.003921360663211554,0.007842721326423108
left,0.058,1.1226771809126916,1.1226771809126916,0.0,-1.11843718167994,1.11843718167994,2.23687436335988,-0.004239999232751519,0.004239999232751519,0.008479998465503038,-1.11843718167994,1.11843718167994,2.23687436335988,-0.004239999232751519,0.004239999232751519,0.008479998465503038
left,0.06,1.127141568981064,1.127141568981064,0.0,-1.1225679557615735,1.1225679557615735,2.245135911523147,-0.004573613219490341,0.004573613219490341,0.009147226438980681,-1.1225679557615735,1.1225679557615735,2.245135911523147,-0.004573613219490341,0.004573613219490341,0.009147226438980681
left,0.062,1.131621115144712,1.131621115144712,0.0,-1.1266986181020722,1.1266986181020722,2.2533972362041443,-0.004922497042639793,0.004922497042639793,0.009844994085279586,-1.1266986181020722,1.1266986181020722,2.2533972362041443,-0.004922497042639793,0.004922497042639793,0.009844994085279586
left,0.064,1.1361157565622049,1.1361157565622049,0.0,-1.1308288076477877,1.1308288076477877,2.2616576152955754,-0.0052869489144173,0.0052869489144173,0.0105738978288346,-1.1308288076477877,1.1308288076477877,2.2616576152955754,-0.0052869489144173,0.0052869489144173,0.0105738978288346
left,0.066,1.1406254277345356,1.1406254277345356,0.0,-1.1349581568825209,1.1349581568825209,2.2699163137650418,-0.005667270852014844,0.005667270852014844,0.011334541704029689,-1.1349581568825209,1.1349581568825209,2.2699163137650418,-0.005667270852014844,0.005667270852014844,0.011334541704029689
left,0.068,1.1451500604639235,1.1451500604639235,0.0,-1.1390862917755498,1.1390862917755498,2.2781725835510995,-0.006063768688373961,0.006063768688373961,0.012127537376747922,-1.1390862917755498,1.1390862917755498,2.2781725835510995,-0.006063768688373961,0.006063768688373961,0.012127537376747922
left,0.07,1.1496895838123709,1.1496895838123709,0.0,-1.1432128317306502,1.1432128317306502,2.2864256634613005,-0.006476752081720647,0.006476752081720647,0.012953504163441295,-1.1432128317306502,1.1432128317306502,2.2864256634613005,-0.006476752081720647,0.006476752081720647,0.012953504163441295
left,0.07200000000000001,1.154243924059984,1.154243924059984,0.0,-1.147337389536171,1.147337389536171,2.294674779072342,-0.00690653452381316,0.00690653452381316,0.01381306904762632,-1.147337389536171,1.147337389536171,2.294674779072342,-0.00690653452381316,0.00690653452381316,0.01381306904762632
left,0.074,1.1588130046630634,1.1588130046630634,0.0,-1.1514595713162088,1.1514595713162088,2.3029191426324176,-0.007353433346854672,0.007353433346854672,0.014706866693709344,-1.1514595713162088,1.1514595713162088,2.3029191426324176,-0.007353433346854672,0.007353433346854672,0.014706866693709344
left,0.076,1.16339674621198,1.16339674621198,0.0,-1.155578976482958,1.155578976482958,2.311157952965916,-0.007817769729022091,0.007817769729022091,0.015635539458044183,-1.155578976482958,1.155578976482958,2.311157952965916,-0.007817769729022091,0.007817769729022091,0.015635539458044183
left,0.078,1.1679950663888394,1.1679950663888394,0.0,-1.1596951976902783,1.1596951976902783,2.3193903953805566,-0.008299868698561145,0.008299868698561145,0.01659973739712229,-1.1596951976902783,1.1596951976902783,2.3193903953805566,-0.008299868698561145,0.008299868698561145,0.01659973739712229
left,0.08,1.172607879924953,1.172607879924953,0.0,-1.1638078207885558,1.1638078207885558,2.3276156415771116,-0.008800059136397398,0.008800059136397398,0.017600118272794795,-1.1638078207885558,1.1638078207885558,2.3276156415771116,-0.008800059136397398,0.008800059136397398,0.017600118272794795
left,0.082,1.1772350985581226,1.1772350985581226,0.0,-1.167916424780911,1.167916424780911,2.335832849561822,-0.009318673777211574,0.009318673777211574,0.01863734755442315,-1.167916424780911,1.167916424780911,2.335832849561822,-0.009318673777211574,0.009318673777211574,0.01863734755442315
left,0.084,1.1818766309897508,1.1818766309897508,0.0,-1.172020581780824,1.172020581780824,2.344041163561648,-0.00985604920892705,0.00985604920892705,0.0197120984178541,-1.172020581780824,1.172020581780824,2.344041163561648,-0.00985604920892705,0.00985604920892705,0.0197120984178541
left,0.08600000000000001,1.1865323828417926,1.1865323828417926,0.0,-1.1761198569712363,1.1761198569712363,2.3522397139424727,-0.010412525870556319,0.010412525870556319,0.020825051741112637,-1.1761198569712363,1.1761198569712363,2.3522397139424727,-0.010412525870556319,0.010412525870556319,0.020825051741112637
left,0.088,1.191202256613555,1.191202256613555,0.0,-1.1802138085652025,1.1802138085652025,2.360427617130405,-0.01098844804835253,0.01098844804835253,0.02197689609670506,-1.1802138085652025,1.1802138085652025,2.360427617130405,-0.01098844804835253,0.01098844804835253,0.02197689609670506
left,0.09,1.1958861516383639,1.1958861516383639,0.0,-1.1843019877681524,1.1843019877681524,2.368603975536305,-0.011584163870211368,0.011584163870211368,0.023168327740422736,-1.1843019877681524,1.1843019877681524,2.368603975536305,-0.011584163870211368,0.011584163870211368,0.023168327740422736
left,0.092,1.200583964040109,1.200583964040109,0.0,-1.1883839387418413,1.1883839387418413,2.3767678774836827,-0.012200025298267655,0.012200025298267655,0.02440005059653531,-1.1883839387418413,1.1883839387418413,2.3767678774836827,-0.012200025298267655,0.012200025298267655,0.02440005059653531
left,0.094,1.2052955866896797,1.2052955866896797,0.0,-1.1924591985700492,1.1924591985700492,2.3849183971400985,-0.01283638811963042,0.01283638811963042,0.02567277623926084,-1.1924591985700492,1.1924591985700492,2.3849183971400985,-0.01283638811963042,0.01283638811963042,0.02567277623926084
left,0.096,1.2100209091613103,1.2100209091613103,0.0,-1.1965272972261112,1.1965272972261112,2.3930545944522224,-0.01349361193519931,0.01349361193519931,0.02698722387039862,-1.1965272972261112,1.1965272972261112,2.3930545944522224,-0.01349361193519931,0.01349361193519931,0.02698722387039862
left,0.098,1.2147598176888466,1.2147598176888466,0.0,-1.200587757542342,1.200587757542342,2.401175515084684,-0.014172060146504508,0.014172060146504508,0.028344120293009017,-1.200587757542342,1.200587757542342,2.401175515084684,-0.014172060146504508,0.014172060146504508,0.028344120293009017
left,0.1,1.2195121951219512,1.2195121951219512,0.0,-1.2046400951814398,1.2046400951814398,2.4092801903628795,-0.014872099940511604,0.014872099940511604,0.029744199881023208,-1.2046400951814398,1.2046400951814398,2.4092801903628795,-0.014872099940511604,0.014872099940511604,0.029744199881023208
left,0.10200000000000001,1.2242779208822636,1.2242779208822636,0.0,-1.2086838186099316,1.2086838186099316,2.417367637219863,-0.015594102272332143,0.015594102272332143,0.031188204544664287,-1.2086838186099316,1.2086838186099316,2.417367637219863,-0.015594102272332143,0.015594102272332143,0.031188204544664287
left,0.10400000000000001,1.229056870919531,1.229056870919531,0.0,-1.2127184290737512,1.2127184290737512,2.4254368581475023,-0.016338441845779973,0.016338441845779973,0.032676883691559945,-1.2127184290737512,1.2127184290737512,2.4254368581475023,-0.016338441845779973,0.016338441845779973,0.032676883691559945
left,0.106,1.2338489176677292,1.2338489176677292,0.0,-1.2167434205760164,1.2167434205760164,2.4334868411520327,-0.017105497091712732,0.017105497091712732,0.034210994183425464,-1.2167434205760164,1.2167434205760164,2.4334868411520327,-0.017105497091712732,0.017105497091712732,0.034210994183425464
left,0.108,1.238653930001189,1.238653930001189,0.0,-1.2207582798570915,1.2207582798570915,2.441516559714183,-0.0178956501440974,0.0178956501440974,0.0357913002881948,-1.2207582798570915,1.2207582798570915,2.441516559714183,-0.0178956501440974,0.0178956501440974,0.0357913002881948
left,0.11,1.2434717731907485,1.2434717731907485,0.0,-1.2247624863770106,1.2247624863770106,2.449524972754021,-0.018709286813737944,0.018709286813737944,0.03741857362747589,-1.2247624863770106,1.2247624863770106,2.449524972754021,-0.018709286813737944,0.018709286813737944,0.03741857362747589
left,0.112,1.2483023088599505,1.2483023088599505,0.0,-1.2287555123003477,1.2287555123003477,2.4575110246006955,-0.019546796559602966,0.019546796559602966,0.03909359311920593,-1.2287555123003477,1.2287555123003477,2.4575110246006955,-0.019546796559602966,0.019546796559602966,0.03909359311920593
left,0.114,1.2531453949413027,1.2531453949413027,0.0,-1.2327368224836124,1.2327368224836124,2.4654736449672248,-0.020408572457690267,0.020408572457690267,0.040817144915380535,-1.2327368224836124,1.2327368224836124,2.4654736449672248,-0.020408572457690267,0.020408572457690267,0.040817144915380535
left,0.116,1.2580008856326235,1.2580008856326235,0.0,-1.2367058744652584,1.2367058744652584,2.4734117489305167,-0.021295011167365173,0.021295011167365173,0.042590022334730346,-1.2367058744652584,1.2367058744652584,2.4734117489305167,-0.021295011167365173,0.021295011167365173,0.042590022334730346
left,0.11800000000000001,1.2628686313534918,1.2628686313534918,0.0,-1.240662118458383,1.240662118458383,2.481324236916766,-0.022206512895108683,0.022206512895108683,0.044413025790217366,-1.240662118458383,1.240662118458383,2.481324236916766,-0.022206512895108683,0.022206512895108683,0.044413025790217366
left,0.12,1.2677484787018256,1.2677484787018256,0.0,-1.2446049973462143,1.2446049973462143,2.4892099946924287,-0.023143481355611423,0.023143481355611423,0.046286962711222845,-1.2446049973462143,1.2446049973462143,2.4892099946924287,-0.023143481355611423,0.023143481355611423,0.046286962711222845
left,0.122,1.2726402704106046,1.2726402704106046,0.0,-1.248533946680456,1.248533946680456,2.497067893360912,-0.02410632373014864,0.02410632373014864,0.04821264746029728,-1.248533946680456,1.248533946680456,2.497067893360912,-0.02410632373014864,0.02410632373014864,0.04821264746029728
left,0.124,1.277543845304771,1.277543845304771,0.0,-1.252448394682599,1.252448394682599,2.504896789365198,-0.02509545062217172,0.02509545062217172,0.05019090124434344,-1.252448394682599,1.252448394682599,2.504896789365198,-0.02509545062217172,0.02509545062217172,0.05019090124434344
left,0.126,1.282459038258318,1.282459038258318,0.0,-1.2563477622482675,1.2563477622482675,2.512695524496535,-0.02611127601005071,0.02611127601005071,0.05222255202010142,-1.2563477622482675,1.2563477622482675,2.512695524496535,-0.02611127601005071,0.02611127601005071,0.05222255202010142
left,0.128,1.2873856801516026,1.2873856801516026,0.0,-1.2602314629546998,1.2602314629546998,2.5204629259093996,-0.02715421719690288,0.02715421719690288,0.05430843439380576,-1.2602314629546998,1.2602314629546998,2.5204629259093996,-0.02715421719690288,0.02715421719690288,0.05430843439380576
left,0.13,1.2923235978288963,1.2923235978288963,0.0,-1.2640989030714547,1.2640989030714547,2.5281978061429093,-0.02822469475744165,0.02822469475744165,0.0564493895148833,-1.2640989030714547,1.2640989030714547,2.5281978061429093,-0.02822469475744165,0.02822469475744165,0.0564493895148833
left,0.132,1.2972726140562083,1.2972726140562083,0.0,-1.267949481574428,1.267949481574428,2.535898963148856,-0.029323132481780298,0.029323132481780298,0.058646264963560596,-1.267949481574428,1.267949481574428,2.535898963148856,-0.029323132481780298,0.029323132481780298,0.058646264963560596
left,0.134,1.3022325474793988,1.3022325474793988,0.0,-1.2717825901632738,1.2717825901632738,2.5435651803265475,-0.03044995731612488,0.03044995731612488,0.06089991463224976,-1.2717825901632738,1.2717825901632738,2.5435651803265475,-0.03044995731612488,0.03044995731612488,0.06089991463224976
left,0.136,1.3072032125826154,1.3072032125826154,0.0,-1.2755976132823248,1.2755976132823248,2.5511952265646496,-0.031605599300290804,0.031605599300290804,0.06321119860058161,-1.2755976132823248,1.2755976132823248,2.5511952265646496,-0.031605599300290804,0.031605599300290804,0.06321119860058161
left,0.138,1.312184419647075,1.312184419647075,0.0,-1.279393928145098,1.279393928145098,2.558787856290196,-0.03279049150197734,0.03279049150197734,0.06558098300395468,-1.279393928145098,1.279393928145098,2.558787856290196,-0.03279049150197734,0.03279049150197734,0.06558098300395468
left,0.14,1.3171759747102214,1.3171759747102214,0.0,-1.2831709047624864,1.2831709047624864,2.566341809524973,-0.03400506994773491,0.03400506994773491,0.06801013989546982,-1.2831709047624864,1.2831709047624864,2.566341809524973,-0.03400506994773491,0.03400506994773491,0.06801013989546982
left,0.14200000000000002,1.3221776795252855,1.3221776795252855,0.0,-1.2869279059747256,1.2869279059747256,2.5738558119494512,-0.0352497735505599,0.0352497735505599,0.0704995471011198,-1.2869279059747256,1.2869279059747256,2.5738558119494512,-0.0352497735505599,0.0352497735505599,0.0704995471011198
left,0.14400000000000002,1.3271893315212777,1.3271893315212777,0.0,-1.2906642874872258,1.2906642874872258,2.5813285749744517,-0.036525044034052,0.036525044034052,0.073050088068104,-1.2906642874872258,1.2906642874872258,2.5813285749744517,-0.036525044034052,0.036525044034052,0.073050088068104
left,0.146,1.332210723763442,1.332210723763442,0.0,-1.2943793979103722,1.2943793979103722,2.5887587958207443,-0.03783132585306985,0.03783132585306985,0.0756626517061397,-1.2943793979103722,1.2943793979103722,2.5887587958207443,-0.03783132585306985,0.03783132585306985,0.0756626517061397
left,0.148,1.3372416449142026,1.3372416449142026,0.0,-1.2980725788033818,1.2980725788033818,2.5961451576067636,-0.03916906611082081,0.03916906611082081,0.07833813222164163,-1.2980725788033818,1.2980725788033818,2.5961451576067636,-0.03916906611082081,0.03916906611082081,0.07833813222164163
left,0.15,1.3422818791946312,1.3422818791946312,0.0,-1.30174316472231,1.30174316472231,2.60348632944462,-0.04053871447232108,0.04053871447232108,0.08107742894464216,-1.30174316472231,1.30174316472231,2.60348632944462,-0.04053871447232108,0.04053871447232108,0.08107742894464216
left,0.152,1.3473312063464689,1.3473312063464689,0.0,-1.3053904832723051,1.3053904832723051,2.6107809665446102,-0.0419407230741636,0.0419407230741636,0.0838814461483272,-1.3053904832723051,1.3053904832723051,2.6107809665446102,-0.0419407230741636,0.0419407230741636,0.0838814461483272
left,0.154,1.3523894015947378,1.3523894015947378,0.0,-1.309013855164206,1.309013855164206,2.618027710328412,-0.04337554643053155,0.04337554643053155,0.0867510928610631,-1.309013855164206,1.309013855164206,2.618027710328412,-0.04337554643053155,0.04337554643053155,0.0867510928610631
left,0.156,1.3574562356109638,1.3574562356109638,0.0,-1.3126125942755684,1.3126125942755684,2.625225188551137,-0.04484364133539542,0.04484364133539542,0.08968728267079085,-1.3126125942755684,1.3126125942755684,2.625225188551137,-0.04484364133539542,0.04484364133539542,0.08968728267079085
left,0.158,1.3625314744770607,1.3625314744770607,0.0,-1.3161860077162268,1.3161860077162268,2.6323720154324537,-0.04634546676083397,0.04634546676083397,0.09269093352166793,-1.3161860077162268,1.3161860077162268,2.6323720154324537,-0.04634546676083397,0.04634546676083397,0.09269093352166793
left,0.16,1.3676148796498908,1.3676148796498908,0.0,-1.3197333958984723,1.3197333958984723,2.6394667917969445,-0.047881483751418506,0.047881483751418506,0.09576296750283701,-1.3197333958984723,1.3197333958984723,2.6394667917969445,-0.047881483751418506,0.047881483751418506,0.09576296750283701
left,0.162,1.3727062079265546,1.3727062079265546,0.0,-1.3232540526119514,1.3232540526119514,2.646508105223903,-0.04945215531460298,0.04945215531460298,0.09890431062920596,-1.3232540526119514,1.3232540526119514,2.646508105223903,-0.04945215531460298,0.04945215531460298,0.09890431062920596
left,0.164,1.3778052114104316,1.3778052114104316,0.0,-1.3267472651033696,1.3267472651033696,2.653494530206739,-0.05105794630706176,0.05105794630706176,0.10211589261412352,-1.3267472651033696,1.3267472651033696,2.653494530206739,-0.05105794630706176,0.05105794630706176,0.10211589261412352
left,0.166,1.3829116374780117,1.3829116374780117,0.0,-1.3302123141610924,1.3302123141610924,2.660424628322185,-0.05269932331691923,0.05269932331691923,0.10539864663383847,-1.3302123141610924,1.3302123141610924,2.660424628322185,-0.05269932331691923,0.05269932331691923,0.10539864663383847
left,0.168,1.3880252287465578,1.3880252287465578,0.0,-1.3336484742047408,1.3336484742047408,2.6672969484094815,-0.05437675454181683,0.05437675454181683,0.10875350908363365,-1.3336484742047408,1.3336484742047408,2.6672969484094815,-0.05437675454181683,0.05437675454181683,0.10875350908363365
left,0.17,1.3931457230426303,1.3931457230426303,0.0,-1.3370550133798662,1.3370550133798662,2.6741100267597324,-0.056090709662764034,0.056090709662764034,0.11218141932552807,-1.3370550133798662,1.3370550133798662,2.6741100267597324,-0.056090709662764034,0.056090709662764034,0.11218141932552807
left,0.17200000000000001,1.3982728533715154,1.3982728533715154,0.0,-1.3404311936577935,1.3404311936577935,2.680862387315587,-0.057841659713721696,0.057841659713721696,0.11568331942744339,-1.3404311936577935,1.3404311936577935,2.680862387315587,-0.057841659713721696,0.057841659713721696,0.11568331942744339
left,0.17400000000000002,1.403406347887593,1.403406347887593,0.0,-1.343776270940725,1.343776270940725,2.68755254188145,-0.05963007694686814,0.05963007694686814,0.11926015389373627,-1.343776270940725,1.343776270940725,2.68755254188145,-0.05963007694686814,0.05963007694686814,0.11926015389373627
left,0.176,1.4085459298656808,1.4085459298656808,0.0,-1.3470894951721815,1.3470894951721815,2.694178990344363,-0.06145643469349944,0.06145643469349944,0.12291286938699889,-1.3470894951721815,1.3470894951721815,2.694178990344363,-0.06145643469349944,0.06145643469349944,0.12291286938699889
left,0.178,1.4136913176734032,1.4136913176734032,0.0,-1.350370110452884,1.350370110452884,2.700740220905768,-0.06332120722051902,0.06332120722051902,0.12664241444103805,-1.350370110452884,1.350370110452884,2.700740220905768,-0.06332120722051902,0.06332120722051902,0.12664241444103805
left,0.18,1.4188422247446082,1.4188422247446082,0.0,-1.3536173551621375,1.3536173551621375,2.707234710324275,-0.06522486958247062,0.06522486958247062,0.13044973916494124,-1.3536173551621375,1.3536173551621375,2.707234710324275,-0.06522486958247062,0.06522486958247062,0.13044973916494124
left,0.182,1.4239983595538896,1.4239983595538896,0.0,-1.3568304620848146,1.3568304620848146,2.7136609241696292,-0.06716789746907509,0.06716789746907509,0.13433579493815018,-1.3568304620848146,1.3568304620848146,2.7136609241696292,-0.06716789746907509,0.06716789746907509,0.13433579493815018
left,0.184,1.4291594255922435,1.4291594255922435,0.0,-1.3600086585440139,1.3600086585440139,2.7200173170880277,-0.06915076704822982,0.06915076704822982,0.13830153409645965,-1.3600086585440139,1.3600086585440139,2.7200173170880277,-0.06915076704822982,0.06915076704822982,0.13830153409645965
left,0.186,1.4343251213439052,1.4343251213439052,0.0,-1.3631511665394702,1.3631511665394702,2.7263023330789404,-0.07117395480443514,0.07117395480443514,0.14234790960887028,-1.3631511665394702,1.3631511665394702,2.7263023330789404,-0.07117395480443514,0.07117395480443514,0.14234790960887028
left,0.188,1.4394951402644063,1.4394951402644063,0.0,-1.3662572028917939,1.3662572028917939,2.7325144057835877,-0.07323793737261211,0.07323793737261211,0.14647587474522422,-1.3662572028917939,1.3662572028917939,2.7325144057835877,-0.07323793737261211,0.07323793737261211,0.14647587474522422
left,0.19,1.4446691707598958,1.4446691707598958,0.0,-1.3693259793926145,1.3693259793926145,2.738651958785229,-0.07534319136728147,0.07534319136728147,0.15068638273456295,-1.3693259793926145,1.3693259793926145,2.738651958785229,-0.07534319136728147,0.07534319136728147,0.15068638273456295
left,0.192,1.4498468961677644,1.4498468961677644,0.0,-1.3723567029606907,1.3723567029606907,2.7447134059213814,-0.0774901932070736,0.0774901932070736,0.1549803864141472,-1.3723567029606907,1.3723567029606907,2.7447134059213814,-0.0774901932070736,0.0774901932070736,0.1549803864141472
left,0.194,1.4550279947386187,1.4550279947386187,0.0,-1.3753485758040735,1.3753485758040735,2.750697151608147,-0.07967941893454505,0.07967941893454505,0.1593588378690901,-1.3753485758040735,1.3753485758040735,2.750697151608147,-0.07967941893454505,0.07967941893454505,0.1593588378690901
left,0.196,1.4602121396196437,1.4602121396196437,0.0,-1.3783007955883657,1.3783007955883657,2.7566015911767314,-0.08191134403127809,0.08191134403127809,0.16382268806255618,-1.3783007955883657,1.3783007955883657,2.7566015911767314,-0.08191134403127809,0.08191134403127809,0.16382268806255618
left,0.198,1.4653989988394038,1.4653989988394038,0.0,-1.3812125556111592,1.3812125556111592,2.7624251112223184,-0.08418644322824466,0.08418644322824466,0.16837288645648932,-1.3812125556111592,1.3812125556111592,2.7624251112223184,-0.08418644322824466,0.08418644322824466,0.16837288645648932
left,0.2,1.4705882352941173,1.4705882352941173,0.0,-1.3840830449826986,1.3840830449826986,2.7681660899653973,-0.08650519031141866,0.08650519031141866,0.17301038062283733,-1.3840830449826986,1.3840830449826986,2.7681660899653973,-0.08650519031141866,0.08650519031141866,0.17301038062283733
left,0.202,1.4757795067354578,1.4757795067354578,0.0,-1.3869114488128336,1.3869114488128336,2.773822897625667,-0.08886805792262434,0.08886805792262434,0.17773611584524868,-1.3869114488128336,1.3869114488128336,2.773822897625667,-0.08886805792262434,0.08886805792262434,0.17773611584524868
left,0.20400000000000001,1.4809724657599164,1.4809724657599164,0.0,-1.389696948404304,1.389696948404304,2.779393896808608,-0.09127551735561211,0.09127551735561211,0.18255103471122422,-1.389696948404304,1.389696948404304,2.779393896808608,-0.09127551735561211,0.09127551735561211,0.18255103471122422
left,0.20600000000000002,1.4861667597997834,1.4861667597997834,0.0,-1.3924387214524252,1.3924387214524252,2.7848774429048504,-0.09372803834735821,0.09372803834735821,0.18745607669471642,-1.3924387214524252,1.3924387214524252,2.7848774429048504,-0.09372803834735821,0.09372803834735821,0.18745607669471642
left,0.20800000000000002,1.4913620311157774,1.4913620311157774,0.0,-1.3951359422511915,1.3951359422511915,2.790271884502383,-0.09622608886458582,0.09622608886458582,0.19245217772917164,-1.3951359422511915,1.3951359422511915,2.790271884502383,-0.09622608886458582,0.09622608886458582,0.19245217772917164
left,0.21,1.4965579167913796,1.4965579167913796,0.0,-1.3977877819058664,1.3977877819058664,2.7955755638117328,-0.09877013488551305,0.09877013488551305,0.1975402697710261,-1.3977877819058664,1.3977877819058664,2.7955755638117328,-0.09877013488551305,0.09877013488551305,0.1975402697710261
left,0.212,1.5017540487289154,1.5017540487289154,0.0,-1.4003934085520804,1.4003934085520804,2.8007868171041608,-0.10136064017683509,0.10136064017683509,0.20272128035367018,-1.4003934085520804,1.4003934085520804,2.8007868171041608,-0.10136064017683509,0.10136064017683509,0.20272128035367018
left,0.214,1.506950053647422,1.506950053647422,0.0,-1.4029519875814702,1.4029519875814702,2.8059039751629404,-0.10399806606595219,0.10399806606595219,0.20799613213190438,-1.4029519875814702,1.4029519875814702,2.8059039751629404,-0.10399806606595219,0.10399806606595219,0.20799613213190438
left,0.216,1.5121455530823573,1.5121455530823573,0.0,-1.4054626818738953,1.4054626818738953,2.8109253637477907,-0.10668287120846205,0.10668287120846205,0.2133657424169241,-1.4054626818738953,1.4054626818738953,2.8109253637477907,-0.10668287120846205,0.10668287120846205,0.2133657424169241
left,0.218,1.5173401633871886,1.5173401633871886,0.0,-1.4079246520362507,1.4079246520362507,2.8158493040725014,-0.1094155113509376,0.1094155113509376,0.2188310227018752,-1.4079246520362507,1.4079246520362507,2.8158493040725014,-0.1094155113509376,0.1094155113509376,0.2188310227018752
left,0.22,1.522533495736906,1.522533495736906,0.0,-1.4103370566478892,1.4103370566478892,2.8206741132957784,-0.11219643908901682,0.11219643908901682,0.22439287817803363,-1.4103370566478892,1.4103370566478892,2.8206741132957784,-0.11219643908901682,0.11219643908901682,0.22439287817803363
left,0.222,1.5277251561335108,1.5277251561335108,0.0,-1.4126990525126737,1.4126990525126737,2.8253981050253474,-0.11502610362083684,0.11502610362083684,0.2300522072416737,-1.4126990525126737,1.4126990525126737,2.8253981050253474,-0.11502610362083684,0.11502610362083684,0.2300522072416737
left,0.224,1.532914745413519,1.532914745413519,0.0,-1.4150097949176692,1.4150097949176692,2.8300195898353384,-0.11790495049585001,0.11790495049585001,0.23580990099170002,-1.4150097949176692,1.4150097949176692,2.8300195898353384,-0.11790495049585001,0.11790495049585001,0.23580990099170002
left,0.226,1.5381018592575273,1.5381018592575273,0.0,-1.4172684378984644,1.4172684378984644,2.8345368757969287,-0.1208334213590629,0.1208334213590629,0.2416668427181258,-1.4172684378984644,1.4172684378984644,2.8345368757969287,-0.1208334213590629,0.1208334213590629,0.2416668427181258
left,0.228,1.5432860882018862,1.5432860882018862,0.0,-1.4194741345111377,1.4194741345111377,2.8389482690222754,-0.12381195369074836,0.12381195369074836,0.24762390738149673,-1.4194741345111377,1.4194741345111377,2.8389482690222754,-0.12381195369074836,0.12381195369074836,0.24762390738149673
left,0.23,1.5484670176525241,1.5484670176525241,0.0,-1.4216260371108416,1.4216260371108416,2.843252074221683,-0.12684098054168247,0.12684098054168247,0.25368196108336494,-1.4216260371108416,1.4216260371108416,2.843252074221683,-0.12684098054168247,0.12684098054168247,0.25368196108336494
left,0.232,1.5536442279009646,1.5536442279009646,0.0,-1.4237232976369982,1.4237232976369982,2.8474465952739965,-0.12992093026396653,0.12992093026396653,0.25984186052793307,-1.4237232976369982,1.4237232976369982,2.8474465952739965,-0.12992093026396653,0.12992093026396653,0.25984186052793307
left,0.234,1.558817294142588,1.558817294142588,0.0,-1.4257650679050873,1.4257650679050873,2.8515301358101746,-0.1330522262375007,0.1330522262375007,0.2661044524750014,-1.4257650679050873,1.4257650679050873,2.8515301358101746,-0.1330522262375007,0.1330522262375007,0.2661044524750014
left,0.23600000000000002,1.5639857864971725,1.5639857864971725,0.0,-1.4277504999049935,1.4277504999049935,2.855500999809987,-0.13623528659217904,0.13623528659217904,0.2724705731843581,-1.4277504999049935,1.4277504999049935,2.855500999809987,-0.13623528659217904,0.13623528659217904,0.2724705731843581
left,0.23800000000000002,1.5691492700317593,1.5691492700317593,0.0,-1.4296787461058749,1.4296787461058749,2.8593574922117497,-0.13947052392588433,0.13947052392588433,0.27894104785176865,-1.4296787461058749,1.4296787461058749,2.8593574922117497,-0.13947052392588433,0.13947052392588433,0.27894104785176865
left,0.24,1.5743073047858942,1.5743073047858942,0.0,-1.431548959767526,1.431548959767526,2.863097919535052,-0.14275834501836823,0.14275834501836823,0.28551669003673646,-1.431548959767526,1.431548959767526,2.863097919535052,-0.14275834501836823,0.14275834501836823,0.28551669003673646
left,0.242,1.57945944579927,1.57945944579927,0.0,-1.4333602952581654,1.4333602952581654,2.866720590516331,-0.14609915054110456,0.14609915054110456,0.2921983010822091,-1.4333602952581654,1.4333602952581654,2.866720590516331,-0.14609915054110456,0.14609915054110456,0.2921983010822091
left,0.244,1.5846052431418283,1.5846052431418283,0.0,-1.4351119083786128,1.4351119083786128,2.8702238167572256,-0.1494933347632154,0.1494933347632154,0.2989866695264308,-1.4351119083786128,1.4351119083786128,2.8702238167572256,-0.1494933347632154,0.1494933347632154,0.2989866695264308
left,0.246,1.5897442419463557,1.5897442419463557,0.0,-1.4368029566927825,1.4368029566927825,2.873605913385565,-0.1529412852535732,0.1529412852535732,0.3058825705071464,-1.4368029566927825,1.4368029566927825,2.873605913385565,-0.1529412852535732,0.1529412852535732,0.3058825705071464
left,0.248,1.5948759824436052,1.5948759824436052,0.0,-1.4384325998644172,1.4384325998644172,2.8768651997288344,-0.15644338257918794,0.15644338257918794,0.3128867651583759,-1.4384325998644172,1.4384325998644172,2.8768651997288344,-0.15644338257918794,0.15644338257918794,0.3128867651583759
left,0.25,1.6,1.6,0.0,-1.4400000000000004,1.4400000000000004,2.880000000000001,-0.16000000000000003,0.16000000000000003,0.32000000000000006,-1.4400000000000004,1.4400000000000004,2.880000000000001,-0.16000000000000003,0.16000000000000003,0.32000000000000006
left,0.252,1.6051158251579434,1.6051158251579434,0.0,-1.4415043219977433,1.4415043219977433,2.8830086439954865,-0.16361150316020026,0.16361150316020026,0.3272230063204005,-1.4415043219977433,1.4415043219977433,2.8830086439954865,-0.16361150316020026,0.16361150316020026,0.3272230063204005
left,0.254,1.6102229836787798,1.6102229836787798,0.0,-1.4429447339025683,1.4429447339025683,2.8858894678051366,-0.16727824977621147,0.16727824977621147,0.33455649955242295,-1.4429447339025683,1.4429447339025683,2.8858894678051366,-0.16727824977621147,0.16727824977621147,0.33455649955242295
left,0.256,1.6153209965884419,1.6153209965884419,0.0,-1.4443204072669733,1.4443204072669733,2.8886408145339466,-0.17100058932146842,0.17100058932146842,0.34200117864293683,-1.4443204072669733,1.4443204072669733,2.8886408145339466,-0.17100058932146842,0.17100058932146842,0.34200117864293683
left,0.258,1.6204093802258206,1.6204093802258206,0.0,-1.4456305175176767,1.4456305175176767,2.8912610350353534,-0.17477886270814408,0.17477886270814408,0.34955772541628816,-1.4456305175176767,1.4456305175176767,2.8912610350353534,-0.17477886270814408,0.17477886270814408,0.34955772541628816
left,0.26,1.6254876462938883,1.6254876462938883,0.0,-1.446874244327915,1.446874244327915,2.89374848865583,-0.17861340196597345,0.17861340196597345,0.3572268039319469,-1.446874244327915,1.446874244327915,2.89374848865583,-0.17861340196597345,0.17861340196597345,0.3572268039319469
left,0.262,1.6305553019136196,1.6305553019136196,0.0,-1.4480507719952802,1.4480507719952802,2.8961015439905604,-0.18250452991833938,0.18250452991833938,0.36500905983667875,-1.4480507719952802,1.4480507719952802,2.8961015439905604,-0.18250452991833938,0.18250452991833938,0.36500905983667875
left,0.264,1.6356118496807288,1.6356118496807288,0.0,-1.449159289824944,1.449159289824944,2.898318579649888,-0.18645255985578502,0.18645255985578502,0.37290511971157003,-1.449159289824944,1.449159289824944,2.898318579649888,-0.18645255985578502,0.18645255985578502,0.37290511971157003
left,0.266,1.640656787725262,1.640656787725262,0.0,-1.4501989925181313,1.4501989925181313,2.9003979850362627,-0.19045779520713071,0.19045779520713071,0.38091559041426143,-1.4501989925181313,1.4501989925181313,2.9003979850362627,-0.19045779520713071,0.19045779520713071,0.38091559041426143
left,0.268,1.6456896097740799,1.6456896097740799,0.0,-1.4511690805657003,1.4511690805657003,2.9023381611314005,-0.19452052920837976,0.19452052920837976,0.3890410584167595,-1.4511690805657003,1.4511690805657003,2.9023381611314005,-0.19452052920837976,0.19452052920837976,0.3890410584167595
left,0.27,1.6507098052162432,1.6507098052162432,0.0,-1.4520687606466425,1.4520687606466425,2.904137521293285,-0.1986410445696008,0.1986410445696008,0.3972820891392016,-1.4520687606466425,1.4520687606466425,2.904137521293285,-0.1986410445696008,0.1986410445696008,0.3972820891392016
left,0.272,1.6557168591713467,1.6557168591713467,0.0,-1.4528972460313574,1.4528972460313574,2.905794492062715,-0.20281961313998906,0.20281961313998906,0.4056392262799781,-1.4528972460313574,1.4528972460313574,2.905794492062715,-0.20281961313998906,0.20281961313998906,0.4056392262799781
left,0.274,1.660710252560815,1.660710252560815,0.0,-1.4536537569895045,1.4536537569895045,2.907307513979009,-0.2070564955713105,0.2070564955713105,0.414112991142621,-1.4536537569895045,1.4536537569895045,2.907307513979009,-0.2070564955713105,0.2070564955713105,0.414112991142621
left,0.276,1.6656894621821865,1.6656894621821865,0.0,-1.4543375212022445,1.4543375212022445,2.908675042404489,-0.2113519409799422,0.2113519409799422,0.4227038819598844,-1.4543375212022445,1.4543375212022445,2.908675042404489,-0.2113519409799422,0.2113519409799422,0.4227038819598844
left,0.278,1.6706539607864102,1.6706539607864102,0.0,-1.454947774178678,1.454947774178678,2.909895548357356,-0.21570618660773203,0.21570618660773203,0.43141237321546405,-1.454947774178678,1.454947774178678,2.909895548357356,-0.21570618660773203,0.21570618660773203,0.43141237321546405
left,0.28,1.675603217158177,1.675603217158177,0.0,-1.4554837596762717,1.4554837596762717,2.9109675193525435,-0.22011945748190534,0.22011945748190534,0.4402389149638107,-1.4554837596762717,1.4554837596762717,2.9109675193525435,-0.22011945748190534,0.22011945748190534,0.4402389149638107
left,0.28200000000000003,1.6805366961992982,1.6805366961992982,0.0,-1.4559447301250437,1.4559447301250437,2.9118894602500873,-0.22459196607425452,0.22459196607425452,0.44918393214850905,-1.4559447301250437,1.4559447301250437,2.9118894602500873,-0.22459196607425452,0.22459196607425452,0.44918393214850905
left,0.28400000000000003,1.6854538590151553,1.6854538590151553,0.0,-1.4563299470552986,1.4563299470552986,2.9126598941105972,-0.2291239119598565,0.2291239119598565,0.458247823919713,-1.4563299470552986,1.4563299470552986,2.9126598941105972,-0.2291239119598565,0.2291239119598565,0.458247823919713
left,0.28600000000000003,1.690354163004233,1.690354163004233,0.0,-1.456638681528665,1.456638681528665,2.91327736305733,-0.23371548147556814,0.23371548147556814,0.4674309629511363,-1.456638681528665,1.456638681528665,2.91327736305733,-0.23371548147556814,0.23371548147556814,0.4674309629511363
left,0.28800000000000003,1.6952370619507433,1.6952370619507433,0.0,-1.456870214572186,1.456870214572186,2.913740429144372,-0.23836684737855743,0.23836684737855743,0.47673369475711486,-1.456870214572186,1.456870214572186,2.913740429144372,-0.23836684737855743,0.23836684737855743,0.47673369475711486
left,0.29,1.7001020061203673,1.7001020061203673,0.0,-1.457023837615228,1.457023837615228,2.914047675230456,-0.24307816850513922,0.24307816850513922,0.48615633701027844,-1.457023837615228,1.457023837615228,2.914047675230456,-0.24307816850513922,0.24307816850513922,0.48615633701027844
left,0.292,1.7049484423591033,1.7049484423591033,0.0,-1.45709885292892,1.45709885292892,2.91419770585784,-0.24784958943018337,0.24784958943018337,0.49569917886036674,-1.45709885292892,1.45709885292892,2.91419770585784,-0.24784958943018337,0.24784958943018337,0.49569917886036674
left,0.294,1.7097758141952428,1.7097758141952428,0.0,-1.4570945740678645,1.4570945740678645,2.914189148135729,-0.2526812401273783,0.2526812401273783,0.5053624802547566,-1.4570945740678645,1.4570945740678645,2.914189148135729,-0.2526812401273783,0.2526812401273783,0.5053624802547566
left,0.296,1.714583561944475,1.714583561944475,0.0,-1.4570103263138388,1.4570103263138388,2.9140206526276775,-0.257573235630636,0.257573235630636,0.515146471261272,-1.4570103263138388,1.4570103263138388,2.9140206526276775,-0.257573235630636,0.257573235630636,0.515146471261272
left,0.298,1.7193711228181183,1.7193711228181183,0.0,-1.4568454471211882,1.4568454471211882,2.9136908942423765,-0.2625256756969302,0.2625256756969302,0.5250513513938604,-1.4568454471211882,1.4568454471211882,2.9136908942423765,-0.2625256756969302,0.2625256756969302,0.5250513513938604
left,0.3,1.7241379310344829,1.7241379310344829,0.0,-1.4565992865636148,1.4565992865636148,2.9131985731272296,-0.26753864447086806,0.26753864447086806,0.5350772889417361,-1.4565992865636148,1.4565992865636148,2.9131985731272296,-0.26753864447086806,0.26753864447086806,0.5350772889417361
left,0.302,1.728883417933362,1.728883417933362,0.0,-1.4562712077820599,1.4562712077820599,2.9125424155641197,-0.27261221015130216,0.27261221015130216,0.5452244203026043,-1.4562712077820599,1.4562712077820599,2.9125424155641197,-0.27261221015130216,0.27261221015130216,0.5452244203026043
left,0.304,1.7336070120936424,1.7336070120936424,0.0,-1.4558605874333495,1.4558605874333495,2.911721174866699,-0.27774642466029287,0.27774642466029287,0.5554928493205857,-1.4558605874333495,1.4558605874333495,2.911721174866699,-0.27774642466029287,0.27774642466029287,0.5554928493205857
left,0.306,1.738308139454032,1.738308139454032,0.0,-1.4553668161392908,1.4553668161392908,2.9107336322785815,-0.2829413233147411,0.2829413233147411,0.5658826466294822,-1.4553668161392908,1.4553668161392908,2.9107336322785815,-0.2829413233147411,0.2829413233147411,0.5658826466294822
left,0.308,1.7429862234368898,1.7429862234368898,0.0,-1.4547892989358766,1.4547892989358766,2.909578597871753,-0.28819692450101286,0.28819692450101286,0.5763938490020257,-1.4547892989358766,1.4547892989358766,2.909578597871753,-0.28819692450101286,0.28819692450101286,0.5763938490020257
left,0.31,1.7476406850751487,1.7476406850751487,0.0,-1.4541274557222619,1.4541274557222619,2.9082549114445237,-0.29351322935288676,0.29351322935288676,0.5870264587057735,-1.4541274557222619,1.4541274557222619,2.9082549114445237,-0.29351322935288676,0.29351322935288676,0.5870264587057735
left,0.312,1.7522709431423125,1.7522709431423125,0.0,-1.4533807217091557,1.4533807217091557,2.9067614434183113,-0.2988902214331566,0.2988902214331566,0.5977804428663132,-1.4533807217091557,1.4533807217091557,2.9067614434183113,-0.2988902214331566,0.2988902214331566,0.5977804428663132
left,0.314,1.7568764142855138,1.7568764142855138,0.0,-1.4525485478662836,1.4525485478662836,2.9050970957325672,-0.3043278664192304,0.3043278664192304,0.6086557328384608,-1.4525485478662836,1.4525485478662836,2.9050970957325672,-0.3043278664192304,0.3043278664192304,0.6086557328384608
left,0.316,1.7614565131616031,1.7614565131616031,0.0,-1.451630401368537,1.451630401368537,2.903260802737074,-0.30982611179306596,0.30982611179306596,0.6196522235861319,-1.451630401368537,1.451630401368537,2.903260802737074,-0.30982611179306596,0.30982611179306596,0.6196522235861319
left,0.318,1.7660106525762564,1.7660106525762564,0.0,-1.4506257660404602,1.4506257660404602,2.9012515320809205,-0.31538488653579594,0.31538488653579594,0.6307697730715919,-1.4506257660404602,1.4506257660404602,2.9012515320809205,-0.31538488653579594,0.31538488653579594,0.6307697730715919
left,0.32,1.7705382436260624,1.7705382436260624,0.0,-1.449534142798674,1.449534142798674,2.899068285597348,-0.3210041008273881,0.3210041008273881,0.6420082016547762,-1.449534142798674,1.449534142798674,2.899068285597348,-0.3210041008273881,0.3210041008273881,0.6420082016547762
left,0.322,1.7750386958435695,1.7750386958435695,0.0,-1.4483550500918678,1.4483550500918678,2.8967101001837356,-0.3266836457517017,0.3266836457517017,0.6533672915034034,-1.4483550500918678,1.4483550500918678,2.8967101001837356,-0.3266836457517017,0.3266836457517017,0.6533672915034034
left,0.324,1.779511417345254,1.779511417345254,0.0,-1.4470880243379591,1.4470880243379591,2.8941760486759183,-0.33242339300729495,0.33242339300729495,0.6648467860145899,-1.4470880243379591,1.4470880243379591,2.8941760486759183,-0.33242339300729495,0.33242339300729495,0.6648467860145899
left,0.326,1.7839558149823747,1.7839558149823747,0.0,-1.4457326203580276,1.4457326203580276,2.8914652407160553,-0.33822319462434686,0.33822319462434686,0.6764463892486937,-1.4457326203580276,1.4457326203580276,2.8914652407160553,-0.33822319462434686,0.33822319462434686,0.6764463892486937
left,0.328,1.7883712944946781,1.7883712944946781,0.0,-1.444288411806621,1.444288411806621,2.888576823613242,-0.3440828826880571,0.3440828826880571,0.6881657653761142,-1.444288411806621,1.444288411806621,2.888576823613242,-0.3440828826880571,0.3440828826880571,0.6881657653761142
left,0.33,1.7927572606669058,1.7927572606669058,0.0,-1.442754991598017,1.442754991598017,2.885509983196034,-0.3500022690688886,0.3500022690688886,0.7000045381377772,-1.442754991598017,1.442754991598017,2.885509983196034,-0.3500022690688886,0.3500022690688886,0.7000045381377772
left,0.332,1.7971131174880675,1.7971131174880675,0.0,-1.4411319723280438,1.4411319723280438,2.8822639446560876,-0.35598114516002355,0.35598114516002355,0.7119622903200471,-1.4411319723280438,1.4411319723280438,2.8822639446560876,-0.35598114516002355,0.35598114516002355,0.7119622903200471
left,0.334,1.8014382683134216,1.8014382683134216,0.0,-1.4394189866910243,1.4394189866910243,2.8788379733820486,-0.3620192816223971,0.3620192816223971,0.7240385632447942,-1.4394189866910243,1.4394189866910243,2.8788379733820486,-0.3620192816223971,0.3620192816223971,0.7240385632447942
left,0.336,1.805732116029123,1.805732116029123,0.0,-1.43761568789144,1.43761568789144,2.87523137578288,-0.36811642813768336,0.36811642813768336,0.7362328562753667,-1.43761568789144,1.43761568789144,2.87523137578288,-0.36811642813768336,0.36811642813768336,0.7362328562753667
left,0.338,1.809994063219473,1.809994063219473,0.0,-1.435721750049874,1.435721750049874,2.871443500099748,-0.37427231316959925,0.37427231316959925,0.7485446263391985,-1.435721750049874,1.435721750049874,2.871443500099748,-0.37427231316959925,0.37427231316959925,0.7485446263391985
left,0.34,1.81422351233672,1.81422351233672,0.0,-1.4337368686028213,1.4337368686028213,2.8674737372056427,-0.38048664373389857,0.38048664373389857,0.7609732874677971,-1.4337368686028213,1.4337368686028213,2.8674737372056427,-0.38048664373389857,0.38048664373389857,0.7609732874677971
left,0.342,1.8184198658733508,1.8184198658733508,0.0,-1.4316607606959262,1.4316607606959262,2.8633215213918524,-0.3867591051774244,0.3867591051774244,0.7735182103548488,-1.4316607606959262,1.4316607606959262,2.8633215213918524,-0.3867591051774244,0.3867591051774244,0.7735182103548488
left,0.34400000000000003,1.8225825265368019,1.8225825265368019,0.0,-1.4294931655702152,1.4294931655702152,2.8589863311404304,-0.39308936096658675,0.39308936096658675,0.7861787219331735,-1.4294931655702152,1.4294931655702152,2.8589863311404304,-0.39308936096658675,0.39308936096658675,0.7861787219331735
left,0.34600000000000003,1.82671089742653,1.82671089742653,0.0,-1.4272338449408979,1.4272338449408979,2.8544676898817958,-0.39947705248563203,0.39947705248563203,0.7989541049712641,-1.4272338449408979,1.4272338449408979,2.8544676898817958,-0.39947705248563203,0.39947705248563203,0.7989541049712641
left,0.34800000000000003,1.8308043822133695,1.8308043822133695,0.0,-1.4248825833682994,1.4248825833682994,2.849765166736599,-0.4059217988450699,0.4059217988450699,0.8118435976901398,-1.4248825833682994,1.4248825833682994,2.849765166736599,-0.4059217988450699,0.4059217988450699,0.8118435976901398
left,0.35000000000000003,1.8348623853211012,1.8348623853211012,0.0,-1.4224391886204866,1.4224391886204866,2.844878377240973,-0.41242319670061467,0.41242319670061467,0.8248463934012293,-1.4224391886204866,1.4224391886204866,2.844878377240973,-0.41242319670061467,0.41242319670061467,0.8248463934012293
left,0.352,1.8388843121101566,1.8388843121101566,0.0,-1.4199034920271552,1.4199034920271552,2.8398069840543103,-0.41898082008300136,0.41898082008300136,0.8379616401660027,-1.4199034920271552,1.4199034920271552,2.8398069840543103,-0.41898082008300136,0.41898082008300136,0.8379616401660027
left,0.354,1.84286956906338,1.84286956906338,0.0,-1.417275348824348,1.417275348824348,2.834550697648696,-0.4255942202390322,0.4255942202390322,0.8511884404780644,-1.417275348824348,1.417275348824348,2.834550697648696,-0.4255942202390322,0.4255942202390322,0.8511884404780644
left,0.356,1.8468175639737603,1.8468175639737603,0.0,-1.4145546384895644,1.4145546384895644,2.829109276979129,-0.43226292548419576,0.43226292548419576,0.8645258509683915,-1.4145546384895644,1.4145546384895644,2.829109276979129,-0.43226292548419576,0.43226292548419576,0.8645258509683915
left,0.358,1.850727706134052,1.850727706134052,0.0,-1.4117412650668397,1.4117412650668397,2.8234825301336794,-0.4389864410672122,0.4389864410672122,0.8779728821344244,-1.4117412650668397,1.4117412650668397,2.8234825301336794,-0.4389864410672122,0.4389864410672122,0.8779728821344244
left,0.36,1.8545994065281899,1.8545994065281899,0.0,-1.408835157481355,1.408835157481355,2.81767031496271,-0.4457642490468349,0.4457642490468349,0.8915284980936699,-1.408835157481355,1.408835157481355,2.81767031496271,-0.4457642490468349,0.4457642490468349,0.8915284980936699
left,0.362,1.8584320780244123,1.8584320780244123,0.0,-1.4058362698431648,1.4058362698431648,2.8116725396863296,-0.45259580818124745,0.45259580818124745,0.9051916163624949,-1.4058362698431648,1.4058362698431648,2.8116725396863296,-0.45259580818124745,0.45259580818124745,0.9051916163624949
left,0.364,1.8622251355699897,1.8622251355699897,0.0,-1.4027445817396136,1.4027445817396136,2.805489163479227,-0.45948055383037617,0.45948055383037617,0.9189611076607523,-1.4027445817396136,1.4027445817396136,2.805489163479227,-0.45948055383037617,0.45948055383037617,0.9189611076607523
left,0.366,1.8659779963874663,1.8659779963874663,0.0,-1.3995600985160257,1.3995600985160257,2.7991201970320514,-0.4664178978714404,0.4664178978714404,0.9328357957428808,-1.3995600985160257,1.3995600985160257,2.7991201970320514,-0.4664178978714404,0.4664178978714404,0.9328357957428808
left,0.368,1.8696900801723106,1.8696900801723106,0.0,-1.3962828515442611,1.3962828515442611,2.7925657030885223,-0.4734072286280494,0.4734072286280494,0.9468144572560988,-1.3962828515442611,1.3962828515442611,2.7925657030885223,-0.4734072286280494,0.4734072286280494,0.9468144572560988
left,0.37,1.8733608092918694,1.8733608092918694,0.0,-1.3929128984787242,1.3929128984787242,2.7858257969574485,-0.4804479108131452,0.4804479108131452,0.9608958216262904,-1.3929128984787242,1.3929128984787242,2.7858257969574485,-0.4804479108131452,0.4804479108131452,0.9608958216262904
left,0.372,1.8769896089855247,1.8769896089855247,0.0,-1.3894503234994353,1.3894503234994353,2.7789006469988706,-0.4875392854860894,0.4875392854860894,0.9750785709721788,-1.3894503234994353,1.3894503234994353,2.7789006469988706,-0.4875392854860894,0.4875392854860894,0.9750785709721788
left,0.374,1.880575907565933,1.880575907565933,0.0,-1.385895237541763,1.385895237541763,2.771790475083526,-0.49468067002417,0.49468067002417,0.98936134004834,-1.385895237541763,1.385895237541763,2.771790475083526,-0.49468067002417,0.49468067002417,0.98936134004834
left,0.376,1.8841191366212469,1.8841191366212469,0.0,-1.38224777851244,1.38224777851244,2.76449555702488,-0.5018713581088068,0.5018713581088068,1.0037427162176136,-1.38224777851244,1.38224777851244,2.76449555702488,-0.5018713581088068,0.5018713581088068,1.0037427162176136
left,0.378,1.8876187312181936,1.8876187312181936,0.0,-1.3785081114914821,1.3785081114914821,2.7570162229829642,-0.5091106197267112,0.5091106197267112,1.0182212394534225,-1.3785081114914821,1.3785081114914821,2.7570162229829642,-0.5091106197267112,0.5091106197267112,1.0182212394534225
left,0.38,1.8910741301059,1.8910741301059,0.0,-1.3746764289196445,1.3746764289196445,2.749352857839289,-0.5163977011862556,0.5163977011862556,1.0327954023725112,-1.3746764289196445,1.3746764289196445,2.749352857839289,-0.5163977011862556,0.5163977011862556,1.0327954023725112
left,0.382,1.8944847759203407,1.8944847759203407,0.0,-1.3707529507710556,1.3707529507710556,2.7415059015421113,-0.523731825149285,0.523731825149285,1.04746365029857,-1.3707529507710556,1.3707529507710556,2.7415059015421113,-0.523731825149285,0.523731825149285,1.04746365029857
left,0.384,1.8978501153892868,1.8978501153892868,0.0,-1.3667379247106866,1.3667379247106866,2.733475849421373,-0.5311121906786004,0.5311121906786004,1.0622243813572008,-1.3667379247106866,1.3667379247106866,2.733475849421373,-0.5311121906786004,0.5311121906786004,1.0622243813572008
left,0.386,1.9011695995376354,1.9011695995376354,0.0,-1.3626316262363123,1.3626316262363123,2.7252632524726246,-0.5385379733013231,0.5385379733013231,1.0770759466026463,-1.3626316262363123,1.3626316262363123,2.7252632524726246,-0.5385379733013231,0.5385379733013231,1.0770759466026463
left,0.388,1.9044426838929855,1.9044426838929855,0.0,-1.3584343588046468,1.3584343588046468,2.7168687176092936,-0.5460083250883387,0.5460083250883387,1.0920166501766775,-1.3584343588046468,1.3584343588046468,2.7168687176092936,-0.5460083250883387,0.5460083250883387,1.0920166501766775
left,0.39,1.9076688286913392,1.9076688286913392,0.0,-1.3541464539413341,1.3541464539413341,2.7082929078826683,-0.5535223747500052,0.5535223747500052,1.1070447495000104,-1.3541464539413341,1.3541464539413341,2.7082929078826683,-0.5535223747500052,0.5535223747500052,1.1070447495000104
left,0.392,1.910847499082793,1.910847499082793,0.0,-1.3497682713345007,1.3497682713345007,2.6995365426690014,-0.5610792277482923,0.5610792277482923,1.1221584554965847,-1.3497682713345007,1.3497682713345007,2.6995365426690014,-0.5610792277482923,0.5610792277482923,1.1221584554965847
left,0.394,1.9139781653370898,1.9139781653370898,0.0,-1.3453001989115807,1.3453001989115807,2.6906003978231614,-0.5686779664255088,0.5686779664255088,1.1373559328510177,-1.3453001989115807,1.3453001989115807,2.6906003978231614,-0.5686779664255088,0.5686779664255088,1.1373559328510177
left,0.396,1.9170603030488929,1.9170603030488929,0.0,-1.3407426528991413,1.3407426528991413,2.6814853057982826,-0.5763176501497516,0.5763176501497516,1.1526353002995031,-1.3407426528991413,1.3407426528991413,2.6814853057982826,-0.5763176501497516,0.5763176501497516,1.1526353002995031
left,0.398,1.9200933933426525,1.9200933933426525,0.0,-1.3360960778654527,1.3360960778654527,2.6721921557309054,-0.5839973154772001,0.5839973154772001,1.1679946309544003,-1.3360960778654527,1.3360960778654527,2.6721921557309054,-0.5839973154772001,0.5839973154772001,1.1679946309544003
left,0.4,1.923076923076923,1.923076923076923,0.0,-1.3313609467455618,1.3313609467455618,2.6627218934911236,-0.591715976331361,0.591715976331361,1.183431952662722,-1.3313609467455618,1.3313609467455618,2.6627218934911236,-0.591715976331361,0.591715976331361,1.183431952662722
left,0.402,1.9260103850479962,1.9260103850479962,0.0,-1.3265377608486455,1.3265377608486455,2.653075521697291,-0.5994726241993505,0.5994726241993505,1.198945248398701,-1.3265377608486455,1.3265377608486455,2.653075521697291,-0.5994726241993505,0.5994726241993505,1.198945248398701
left,0.404,1.9288932781927042,1.9288932781927042,0.0,-1.3216270498474236,1.3216270498474236,2.6432540996948473,-0.6072662283452804,0.6072662283452804,1.2145324566905609,-1.3216270498474236,1.3216270498474236,2.6432540996948473,-0.6072662283452804,0.6072662283452804,1.2145324566905609
left,0.406,1.9317251077902609,1.9317251077902609,0.0,-1.316629371749456,1.316629371749456,2.633258743498912,-0.6150957360408047,0.6150957360408047,1.2301914720816094,-1.316629371749456,1.316629371749456,2.633258743498912,-0.6150957360408047,0.6150957360408047,1.2301914720816094
left,0.40800000000000003,1.934505385662994,1.934505385662994,0.0,-1.3115453128501366,1.3115453128501366,2.6230906257002733,-0.6229600728128574,0.6229600728128574,1.2459201456257147,-1.3115453128501366,1.3115453128501366,2.6230906257002733,-0.6229600728128574,0.6229600728128574,1.2459201456257147
left,0.41000000000000003,1.9372336303758233,1.9372336303758233,0.0,-1.3063754876672298,1.3063754876672298,2.6127509753344595,-0.6308581427085934,0.6308581427085934,1.2617162854171868,-1.3063754876672298,1.3063754876672298,2.6127509753344595,-0.6308581427085934,0.6308581427085934,1.2617162854171868
left,0.41200000000000003,1.9399093674343537,1.9399093674343537,0.0,-1.3011205388568177,1.3011205388568177,2.6022410777136353,-0.6387888285775364,0.6387888285775364,1.2775776571550728,-1.3011205388568177,1.3011205388568177,2.6022410777136353,-0.6387888285775364,0.6387888285775364,1.2775776571550728
left,0.41400000000000003,1.9425321294814215,1.9425321294814215,0.0,-1.2957811371105266,1.2957811371105266,2.591562274221053,-0.646750992370895,0.646750992370895,1.29350198474179,-1.2957811371105266,1.2957811371105266,2.591562274221053,-0.646750992370895,0.646750992370895,1.29350198474179
left,0.41600000000000004,1.9451014564919706,1.9451014564919706,0.0,-1.290357981033949,1.290357981033949,2.580715962067898,-0.6547434754580219,0.6547434754580219,1.3094869509160438,-1.290357981033949,1.290357981033949,2.580715962067898,-0.6547434754580219,0.6547434754580219,1.3094869509160438
left,0.418,1.9476168959660953,1.9476168959660953,0.0,-1.2848517970061617,1.2848517970061617,2.5697035940123234,-0.6627650989599335,0.6627650989599335,1.325530197919867,-1.2848517970061617,1.2848517970061617,2.5697035940123234,-0.6627650989599335,0.6627650989599335,1.325530197919867
left,0.42,1.9500780031201246,1.9500780031201246,0.0,-1.2792633390203003,1.2792633390203003,2.5585266780406006,-0.6708146640998243,0.6708146640998243,1.3416293281996485,-1.2792633390203003,1.2792633390203003,2.5585266780406006,-0.6708146640998243,0.6708146640998243,1.3416293281996485
left,0.422,1.9524843410755843,1.9524843410755843,0.0,-1.2735933885051305,1.2735933885051305,2.547186777010261,-0.6788909525704541,0.6788909525704541,1.3577819051409081,-1.2735933885051305,1.2735933885051305,2.547186777010261,-0.6788909525704541,0.6788909525704541,1.3577819051409081
left,0.424,1.9548354810459152,1.9548354810459152,0.0,-1.267842754127615,1.267842754127615,2.53568550825523,-0.6869927269183005,0.6869927269183005,1.373985453836601,-1.267842754127615,1.267842754127615,2.53568550825523,-0.6869927269183005,0.6869927269183005,1.373985453836601
left,0.426,1.9571310025207844,1.9571310025207844,0.0,-1.2620122715764652,1.2620122715764652,2.5240245431529305,-0.6951187309443193,0.6951187309443193,1.3902374618886386,-1.2620122715764652,1.2620122715764652,2.5240245431529305,-0.6951187309443193,0.6951187309443193,1.3902374618886386
left,0.428,1.9593704934478648,1.9593704934478648,0.0,-1.2561028033267099,1.2561028033267099,2.5122056066534197,-0.703267690121155,0.703267690121155,1.40653538024231,-1.2561028033267099,1.2561028033267099,2.5122056066534197,-0.703267690121155,0.703267690121155,1.40653538024231
left,0.43,1.9615535504119261,1.9615535504119261,0.0,-1.2501152383853176,1.2501152383853176,2.500230476770635,-0.7114383120266087,0.7114383120266087,1.4228766240532174,-1.2501152383853176,1.2501152383853176,2.500230476770635,-0.7114383120266087,0.7114383120266087,1.4228766240532174
left,0.432,1.9636797788111096,1.9636797788111096,0.0,-1.2440504920179472,1.2440504920179472,2.4881009840358943,-0.7196292867931626,0.7196292867931626,1.4392585735863253,-1.2440504920179472,1.2440504920179472,2.4881009840358943,-0.7196292867931626,0.7196292867931626,1.4392585735863253
left,0.434,1.9657487930302409,1.9657487930302409,0.0,-1.2379095054569107,1.2379095054569107,2.4758190109138214,-0.7278392875733303,0.7278392875733303,1.4556785751466605,-1.2379095054569107,1.2379095054569107,2.4758190109138214,-0.7278392875733303,0.7278392875733303,1.4556785751466605
left,0.436,1.9677602166110448,1.9677602166110448,0.0,-1.23169324559046,1.23169324559046,2.46338649118092,-0.736066971020585,0.736066971020585,1.47213394204117,-1.23169324559046,1.23169324559046,2.46338649118092,-0.736066971020585,0.736066971020585,1.47213394204117
left,0.438,1.9697136824191235,1.9697136824191235,0.0,-1.2254027046335263,1.2254027046335263,2.4508054092670526,-0.7443109777855972,0.7443109777855972,1.4886219555711944,-1.2254027046335263,1.2254027046335263,2.4508054092670526,-0.7443109777855972,0.7443109777855972,1.4886219555711944
left,0.44,1.9716088328075707,1.9716088328075707,0.0,-1.2190388997800754,1.2190388997800754,2.438077799560151,-0.7525699330274953,0.7525699330274953,1.5051398660549906,-1.2190388997800754,1.2190388997800754,2.438077799560151,-0.7525699330274953,0.7525699330274953,1.5051398660549906
left,0.442,1.9734453197770794,1.9734453197770794,0.0,-1.2126028728372433,1.2126028728372433,2.4252057456744867,-0.7608424469398362,0.7608424469398362,1.5216848938796723,-1.2126028728372433,1.2126028728372433,2.4252057456744867,-0.7608424469398362,0.7608424469398362,1.5216848938796723
left,0.444,1.9752228051324188,1.9752228051324188,0.0,-1.2060956898414597,1.2060956898414597,2.4121913796829193,-0.7691271152909591,0.7691271152909591,1.5382542305819182,-1.2060956898414597,1.2060956898414597,2.4121913796829193,-0.7691271152909591,0.7691271152909591,1.5382542305819182
left,0.446,1.9769409606351513,1.9769409606351513,0.0,-1.1995184406567758,1.1995184406567758,2.3990368813135516,-0.7774225199783756,0.7774225199783756,1.5548450399567513,-1.1995184406567758,1.1995184406567758,2.3990368813135516,-0.7774225199783756,0.7774225199783756,1.5548450399567513
left,0.448,1.9785994681524626,1.9785994681524626,0.0,-1.192872238555638,1.192872238555638,2.385744477111276,-0.7857272295968243,0.7857272295968243,1.5714544591936486,-1.192872238555638,1.192872238555638,2.385744477111276,-0.7857272295968243,0.7857272295968243,1.5714544591936486
left,0.45,1.9801980198019797,1.9801980198019797,0.0,-1.186158219782374,1.186158219782374,2.372316439564748,-0.7940398000196056,0.7940398000196056,1.5880796000392112,-1.186158219782374,1.186158219782374,2.372316439564748,-0.7940398000196056,0.7940398000196056,1.5880796000392112
left,0.452,1.9817363180924596,1.9817363180924596,0.0,-1.1793775430996696,1.1793775430996696,2.358755086199339,-0.8023587749927901,0.8023587749927901,1.6047175499855801,-1.1793775430996696,1.1793775430996696,2.358755086199339,-0.8023587749927901,0.8023587749927901,1.6047175499855801
left,0.454,1.9832140760602261,1.9832140760602261,0.0,-1.1725313893183504,1.1725313893183504,2.345062778636701,-0.8106826867418759,0.8106826867418759,1.6213653734837519,-1.1725313893183504,1.1725313893183504,2.345062778636701,-0.8106826867418759,0.8106826867418759,1.6213653734837519
left,0.456,1.9846310174012445,1.9846310174012445,0.0,-1.1656209608107906,1.1656209608107906,2.331241921621581,-0.8190100565904538,0.8190100565904538,1.6380201131809076,-1.1656209608107906,1.1656209608107906,2.331241921621581,-0.8190100565904538,0.8190100565904538,1.6380201131809076
left,0.458,1.9859868765987196,1.9859868765987196,0.0,-1.1586474810082983,1.1586474810082983,2.3172949620165966,-0.8273393955904217,0.8273393955904217,1.6546787911808434,-1.1586474810082983,1.1586474810082983,2.3172949620165966,-0.8273393955904217,0.8273393955904217,1.6546787911808434
left,0.46,1.9872813990461045,1.9872813990461045,0.0,-1.1516121938828379,1.1516121938828379,2.3032243877656757,-0.8356692051632664,0.8356692051632664,1.6713384103265327,-1.1516121938828379,1.1516121938828379,2.3032243877656757,-0.8356692051632664,0.8356692051632664,1.6713384103265327
left,0.462,1.9885143411654285,1.9885143411654285,0.0,-1.1445163634134963,1.1445163634134963,2.2890327268269925,-0.8439979777519324,0.8439979777519324,1.6879959555038648,-1.1445163634134963,1.1445163634134963,2.2890327268269925,-0.8439979777519324,0.8439979777519324,1.6879959555038648
left,0.464,1.98968547052082,1.98968547052082,0.0,-1.1373612730380698,1.1373612730380698,2.2747225460761396,-0.8523241974827503,0.8523241974827503,1.7046483949655007,-1.1373612730380698,1.1373612730380698,2.2747225460761396,-0.8523241974827503,0.8523241974827503,1.7046483949655007
left,0.466,1.9907945659271524,1.9907945659271524,0.0,-1.1301482250902288,1.1301482250902288,2.2602964501804577,-0.8606463408369234,0.8606463408369234,1.7212926816738467,-1.1301482250902288,1.1301482250902288,2.2602964501804577,-0.8606463408369234,0.8606463408369234,1.7212926816738467
left,0.468,1.9918414175536998,1.9918414175536998,0.0,-1.1228785402226846,1.1228785402226846,2.2457570804453693,-0.8689628773310152,0.8689628773310152,1.7379257546620304,-1.1228785402226846,1.1228785402226846,2.2457570804453693,-0.8689628773310152,0.8689628773310152,1.7379257546620304
left,0.47000000000000003,1.9928258270227182,1.9928258270227182,0.0,-1.1155535568168227,1.1155535568168227,2.2311071136336453,-0.8772722702058958,0.8772722702058958,1.7545445404117916,-1.1155535568168227,1.1155535568168227,2.2311071136336453,-0.8772722702058958,0.8772722702058958,1.7545445404117916
left,0.47200000000000003,1.9937476075028708,1.9937476075028708,0.0,-1.1081746303792912,1.1081746303792912,2.2163492607585824,-0.8855729771235797,0.8855729771235797,1.7711459542471595,-1.1081746303792912,1.1081746303792912,2.2163492607585824,-0.8855729771235797,0.8855729771235797,1.7711459542471595
left,0.47400000000000003,1.9946065837974116,1.9946065837974116,0.0,-1.1007431329260333,1.1007431329260333,2.2014862658520666,-0.8938634508713784,0.8938634508713784,1.7877269017427568,-1.1007431329260333,1.1007431329260333,2.2014862658520666,-0.8938634508713784,0.8938634508713784,1.7877269017427568
left,0.47600000000000003,1.995402592427048,1.995402592427048,0.0,-1.0932604523542742,1.0932604523542742,2.1865209047085483,-0.902142140072774,0.902142140072774,1.804284280145548,-1.0932604523542742,1.0932604523542742,2.1865209047085483,-0.902142140072774,0.902142140072774,1.804284280145548
left,0.47800000000000004,1.9961354817074142,1.9961354817074142,0.0,-1.0857279918029954,1.0857279918029954,2.171455983605991,-0.9104074899044187,0.9104074899044187,1.8208149798088373,-1.0857279918029954,1.0857279918029954,2.171455983605991,-0.9104074899044187,0.9104074899044187,1.8208149798088373
left,0.48,1.996805111821086,1.996805111821086,0.0,-1.0781471690024396,1.0781471690024396,2.156294338004879,-0.9186579428186465,0.9186579428186465,1.837315885637293,-1.0781471690024396,1.0781471690024396,2.156294338004879,-0.9186579428186465,0.9186579428186465,1.837315885637293
left,0.482,1.9974113548840704,1.9974113548840704,0.0,-1.070519415613192,1.070519415613192,2.141038831226384,-0.9268919392708784,0.9268919392708784,1.8537838785417569,-1.070519415613192,1.070519415613192,2.141038831226384,-0.9268919392708784,0.9268919392708784,1.8537838785417569
left,0.484,1.9979540950067134,1.9979540950067134,0.0,-1.0628461765554225,1.0628461765554225,2.125692353110845,-0.9351079184512913,0.9351079184512913,1.8702158369025825,-1.0628461765554225,1.0628461765554225,2.125692353110845,-0.9351079184512913,0.9351079184512913,1.8702158369025825
left,0.486,1.9984332283489745,1.9984332283489745,0.0,-1.0551289093288574,1.0551289093288574,2.110257818657715,-0.943304319020117,0.943304319020117,1.886608638040234,-1.0551289093288574,1.0551289093288574,2.110257818657715,-0.943304319020117,0.943304319020117,1.886608638040234
left,0.488,1.9988486631700142,1.9988486631700142,0.0,-1.0473690833240858,1.0473690833240858,2.0947381666481717,-0.9514795798459285,0.9514795798459285,1.902959159691857,-1.0473690833240858,1.0473690833240858,2.0947381666481717,-0.9514795798459285,0.9514795798459285,1.902959159691857
left,0.49,1.9992003198720512,1.9992003198720512,0.0,-1.0395681791257907,1.0395681791257907,2.0791363582515814,-0.9596321407462605,0.9596321407462605,1.919264281492521,-1.0395681791257907,1.0395681791257907,2.0791363582515814,-0.9596321407462605,0.9596321407462605,1.919264281492521
left,0.492,1.999488131038454,1.999488131038454,0.0,-1.0317276878085362,1.0317276878085362,2.0634553756170724,-0.9677604432299177,0.9677604432299177,1.9355208864598354,-1.0317276878085362,1.0317276878085362,2.0634553756170724,-0.9677604432299177,0.9677604432299177,1.9355208864598354
left,0.494,1.999712041466029,1.999712041466029,0.0,-1.02384911022572,1.02384911022572,2.04769822045144,-0.9758629312403092,0.9758629312403092,1.9517258624806184,-1.02384911022572,1.02384911022572,2.04769822045144,-0.9758629312403092,0.9758629312403092,1.9517258624806184
left,0.496,1.9998720081914756,1.9998720081914756,0.0,-1.015933956292329,1.015933956292329,2.031867912584658,-0.9839380518991464,0.9839380518991464,1.9678761037982928,-1.015933956292329,1.015933956292329,2.031867912584658,-0.9839380518991464,0.9839380518991464,1.9678761037982928
left,0.498,1.9999680005119918,1.9999680005119918,0.0,-1.0079837442621398,1.0079837442621398,2.0159674885242795,-0.991984256249852,0.991984256249852,1.983968512499704,-1.0079837442621398,1.0079837442621398,2.0159674885242795,-0.991984256249852,0.991984256249852,1.983968512499704
left,0.5,2.0,2.0,0.0,1.0,1.0,0.0,1.0,1.0,0.0,1.0,1.0,0.0,1.0,1.0,0.0
left,0.502,2.0,2.0,0.0,1.0,1.0,0.0,1.0,1.0,0.0,1.0,1.0,0.0,1.0,1.0,0.0
left,0.504,2.0,2.0,0.0,1.0,1.0,0.0,1.0,1.0,0.0,1.0,1.0,0.0,1.0,1.0,0.0
left,0.506,2.0,2.0,0.0,1.0,1.0,0.0,1.0,1.0,0.0,1.0,1.0,0.0,1.0,1.0,0.0
left,0.508,2.0,2.0,0.0,1.0,1.0,0.0,1.0,1.0,0.0,1.0,1.0,0.0,1.0,1.0,0.0
left,0.51,2.0,2.0,0.0,1.0,1.0,0.0,1.0,1.0,0.0,1.0,1.0,0.0,1.0,1.0,0.0
left,0.512,2.0,2.0,0.0,1.0,1.0,0.0,1.0,1.0,0.0,1.0,1.0,0.0,1.0,1.0,0.0
left,0.514,2.0,2.0,0.0,1.0,1.0,0.0,1.0,1.0,0.0,1.0,1.0,0.0,1.0,1.0,0.0
left,0.516,2.0,2.0,0.0,1.0,1.0,0.0,1.0,1.0,0.0,1.0,1.0,0.0,1.0,1.0,0.0
left,0.518,2.0,2.0,0.0,1.0,1.0,0.0,1.0,1.0,0.0,1.0,1.0,0.0,1.0,1.0,0.0
left,0.52,2.0,2.0,0.0,1.0,1.0,0.0,1.0,1.0,0.0,1.0,1.0,0.0,1.0,1.0,0.0
left,0.522,2.0,2.0,0.0,1.0,1.0,0.0,1.0,1.0,0.0,1.0,1.0,0.0,1.0,1.0,0.0
left,0.524,2.0,2.0,0.0,1.0,1.0,0.0,1.0,1.0,0.0,1.0,1.0,0.0,1.0,1.0,0.0
left,0.526,2.0,2.0,0.0,1.0,1.0,0.0,1.0,1.0,0.0,1.0,1.0,0.0,1.0,1.0,0.0
left,0.528,2.0,2.0,0.0,1.0,1.0,0.0,1.0,1.0,0.0,1.0,1.0,0.0,1.0,1.0,0.0
left,0.53,2.0,2.0,0.0,1.0,1.0,0.0,1.0,1.0,0.0,1.0,1.0,0.0,1.0,1.0,0.0
left,0.532,2.0,2.0,0.0,1.0,1.0,0.0,1.0,1.0,0.0,1.0,1.0,0.0,1.0,1.0,0.0
left,0.534,2.0,2.0,0.0,1.0,1.0,0.0,1.0,1.0,0.0,1.0,1.0,0.0,1.0,1.0,0.0
left,0.536,2.0,2.0,0.0,1.0,1.0,0.0,1.0,1.0,0.0,1.0,1.0,0.0,1.0,1.0,0.0
left,0.538,2.0,2.0,0.0,1.0,1.0,0.0,1.0,1.0,0.0,1.0,1.0,0.0,1.0,1.0,0.0
left,0.54,2.0,2.0,0.0,1.0,1.0,0.0,1.0,1.0,0.0,1.0,1.0,0.0,1.0,1.0,0.0
left,0.542,2.0,2.0,0.0,1.0,1.0,0.0,1.0,1.0,0.0,1.0,1.0,0.0,1.0,1.0,0.0
left,0.544,2.0,2.0,0.0,1.0,1.0,0.0,1.0,1.0,0.0,1.0,1.0,0.0,1.0,1.0,0.0
left,0.546,2.0,2.0,0.0,1.0,1.0,0.0,1.0,1.0,0.0,1.0,1.0,0.0,1.0,1.0,0.0
left,0.548,2.0,2.0,0.0,1.0,1.0,0.0,1.0,1.0,0.0,1.0,1.0,0.0,1.0,1.0,0.0
left,0.55,2.0,2.0,0.0,1.0,1.0,0.0,1.0,1.0,0.0,1.0,1.0,0.0,1.0,1.0,0.0
left,0.552,2.0,2.0,0.0,1.0,1.0,0.0,1.0,1.0,0.0,1.0,1.0,0.0,1.0,1.0,0.0
left,0.554,2.0,2.0,0.0,1.0,1.0,0.0,1.0,1.0,0.0,1.0,1.0,0.0,1.0,1.0,0.0
left,0.556,2.0,2.0,0.0,1.0,1.0,0.0,1.0,1.0,0.0,1.0,1.0,0.0,1.0,1.0,0.0
left,0.558,2.0,2.0,0.0,1.0,1.0,0.0,1.0,1.0,0.0,1.0,1.0,0.0,1.0,1.0,0.0
left,0.56,2.0,2.0,0.0,1.0,1.0,0.0,1.0,1.0,0.0,1.0,1.0,0.0,1.0,1.0,0.0
left,0.562,2.0,2.0,0.0,1.0,1.0,0.0,1.0,1.0,0.0,1.0,1.0,0.0,1.0,1.0,0.0
left,0.5640000000000001,2.0,2.0,0.0,1.0,1.0,0.0,1.0,1.0,0.0,1.0,1.0,0.0,1.0,1.0,0.0
left,0.5660000000000001,2.0,2.0,0.0,1.0,1.0,0.0,1.0,1.0,0.0,1.0,1.0,0.0,1.0,1.0,0.0
left,0.5680000000000001,2.0,2.0,0.0,1.0,1.0,0.0,1.0,1.0,0.0,1.0,1.0,0.0,1.0,1.0,0.0
left,0.5700000000000001,2.0,2.0,0.0,1.0,1.0,0.0,1.0,1.0,0.0,1.0,1.0,0.0,1.0,1.0,0.0
left,0.5720000000000001,2.0,2.0,0.0,1.0,1.0,0.0,1.0,1.0,0.0,1.0,1.0,0.0,1.0,1.0,0.0
left,0.5740000000000001,2.0,2.0,0.0,1.0,1.0,0.0,1.0,1.0,0.0,1.0,1.0,0.0,1.0,1.0,0.0
left,0.5760000000000001,2.0,2.0,0.0,1.0,1.0,0.0,1.0,1.0,0.0,1.0,1.0,0.0,1.0,1.0,0.0
left,0.578,2.0,2.0,0.0,1.0,1.0,0.0,1.0,1.0,0.0,1.0,1.0,0.0,1.0,1.0,0.0
left,0.58,2.0,2.0,0.0,1.0,1.0,0.0,1.0,1.0,0.0,1.0,1.0,0.0,1.0,1.0,0.0
left,0.582,2.0,2.0,0.0,1.0,1.0,0.0,1.0,1.0,0.0,1.0,1.0,0.0,1.0,1.0,0.0
left,0.584,2.0,2.0,0.0,1.0,1.0,0.0,1.0,1.0,0.0,1.0,1.0,0.0,1.0,1.0,0.0
left,0.586,2.0,2.0,0.0,1.0,1.0,0.0,1.0,1.0,0.0,1.0,1.0,0.0,1.0,1.0,0.0
left,0.588,2.0,2.0,0.0,1.0,1.0,0.0,1.0,1.0,0.0,1.0,1.0,0.0,1.0,1.0,0.0
left,0.59,2.0,2.0,0.0,1.0,1.0,0.0,1.0,1.0,0.0,1.0,1.0,0.0,1.0,1.0,0.0
left,0.592,2.0,2.0,0.0,1.0,1.0,0.0,1.0,1.0,0.0,1.0,1.0,0.0,1.0,1.0,0.0
left,0.594,2.0,2.0,0.0,1.0,1.0,0.0,1.0,1.0,0.0,1.0,1.0,0.0,1.0,1.0,0.0
left,0.596,2.0,2.0,0.0,1.0,1.0,0.0,1.0,1.0,0.0,1.0,1.0,0.0,1.0,1.0,0.0
left,0.598,2.0,2.0,0.0,1.0,1.0,0.0,1.0,1.0,0.0,1.0,1.0,0.0,1.0,1.0,0.0
left,0.6,2.0,2.0,0.0,1.0,1.0,0.0,1.0,1.0,0.0,1.0,1.0,0.0,1.0,1.0,0.0
left,0.602,2.0,2.0,0.0,1.0,1.0,0.0,1.0,1.0,0.0,1.0,1.0,0.0,1.0,1.0,0.0
left,0.604,2.0,2.0,0.0,1.0,1.0,0.0,1.0,1.0,0.0,1.0,1.0,0.0,1.0,1.0,0.0
left,0.606,2.0,2.0,0.0,1.0,1.0,0.0,1.0,1.0,0.0,1.0,1.0,0.0,1.0,1.0,0.0
left,0.608,2.0,2.0,0.0,1.0,1.0,0.0,1.0,1.0,0.0,1.0,1.0,0.0,1.0,1.0,0.0
left,0.61,2.0,2.0,0.0,1.0,1.0,0.0,1.0,1.0,0.0,1.0,1.0,0.0,1.0,1.0,0.0
left,0.612,2.0,2.0,0.0,1.0,1.0,0.0,1.0,1.0,0.0,1.0,1.0,0.0,1.0,1.0,0.0
left,0.614,2.0,2.0,0.0,1.0,1.0,0.0,1.0,1.0,0.0,1.0,1.0,0.0,1.0,1.0,0.0
left,0.616,2.0,2.0,0.0,1.0,1.0,0.0,1.0,1.0,0.0,1.0,1.0,0.0,1.0,1.0,0.0
left,0.618,2.0,2.0,0.0,1.0,1.0,0.0,1.0,1.0,0.0,1.0,1.0,0.0,1.0,1.0,0.0
left,0.62,2.0,2.0,0.0,1.0,1.0,0.0,1.0,1.0,0.0,1.0,1.0,0.0,1.0,1.0,0.0
left,0.622,2.0,2.0,0.0,1.0,1.0,0.0,1.0,1.0,0.0,1.0,1.0,0.0,1.0,1.0,0.0
left,0.624,2.0,2.0,0.0,1.0,1.0,0.0,1.0,1.0,0.0,1.0,1.0,0.0,1.0,1.0,0.0
left,0.626,2.0,2.0,0.0,1.0,1.0,0.0,1.0,1.0,0.0,1.0,1.0,0.0,1.0,1.0,0.0
left,0.628,2.0,2.0,0.0,1.0,1.0,0.0,1.0,1.0,0.0,1.0,1.0,0.0,1.0,1.0,0.0
left,0.63,2.0,2.0,0.0,1.0,1.0,0.0,1.0,1.0,0.0,1.0,1.0,0.0,1.0,1.0,0.0
left,0.632,2.0,2.0,0.0,1.0,1.0,0.0,1.0,1.0,0.0,1.0,1.0,0.0,1.0,1.0,0.0
left,0.634,2.0,2.0,0.0,1.0,1.0,0.0,1.0,1.0,0.0,1.0,1.0,0.0,1.0,1.0,0.0
left,0.636,2.0,2.0,0.0,1.0,1.0,0.0,1.0,1.0,0.0,1.0,1.0,0.0,1.0,1.0,0.0
left,0.638,2.0,2.0,0.0,1.0,1.0,0.0,1.0,1.0,0.0,1.0,1.0,0.0,1.0,1.0,0.0
left,0.64,2.0,2.0,0.0,1.0,1.0,0.0,1.0,1.0,0.0,1.0,1.0,0.0,1.0,1.0,0.0
left,0.642,2.0,2.0,0.0,1.0,1.0,0.0,1.0,1.0,0.0,1.0,1.0,0.0,1.0,1.0,0.0
left,0.644,2.0,2.0,0.0,1.0,1.0,0.0,1.0,1.0,0.0,1.0,1.0,0.0,1.0,1.0,0.0
left,0.646,2.0,2.0,0.0,1.0,1.0,0.0,1.0,1.0,0.0,1.0,1.0,0.0,1.0,1.0,0.0
left,0.648,2.0,2.0,0.0,1.0,1.0,0.0,1.0,1.0,0.0,1.0,1.0,0.0,1.0,1.0,0.0
left,0.65,2.0,2.0,0.0,1.0,1.0,0.0,1.0,1.0,0.0,1.0,1.0,0.0,1.0,1.0,0.0
left,0.652,2.0,2.0,0.0,1.0,1.0,0.0,1.0,1.0,0.0,1.0,1.0,0.0,1.0,1.0,0.0
left,0.654,2.0,2.0,0.0,1.0,1.0,0.0,1.0,1.0,0.0,1.0,1.0,0.0,1.0,1.0,0.0
left,0.656,2.0,2.0,0.0,1.0,1.0,0.0,1.0,1.0,0.0,1.0,1.0,0.0,1.0,1.0,0.0
left,0.658,2.0,2.0,0.0,1.0,1.0,0.0,1.0,1.0,0.0,1.0,1.0,0.0,1.0,1.0,0.0
left,0.66,2.0,2.0,0.0,1.0,1.0,0.0,1.0,1.0,0.0,1.0,1.0,0.0,1.0,1.0,0.0
left,0.662,2.0,2.0,0.0,1.0,1.0,0.0,1.0,1.0,0.0,1.0,1.0,0.0,1.0,1.0,0.0
left,0.664,2.0,2.0,0.0,1.0,1.0,0.0,1.0,1.0,0.0,1.0,1.0,0.0,1.0,1.0,0.0
left,0.666,2.0,2.0,0.0,1.0,1.0,0.0,1.0,1.0,0.0,1.0,1.0,0.0,1.0,1.0,0.0
left,0.668,2.0,2.0,0.0,1.0,1.0,0.0,1.0,1.0,0.0,1.0,1.0,0.0,1.0,1.0,0.0
left,0.67,2.0,2.0,0.0,1.0,1.0,0.0,1.0,1.0,0.0,1.0,1.0,0.0,1.0,1.0,0.0
left,0.672,2.0,2.0,0.0,1.0,1.0,0.0,1.0,1.0,0.0,1.0,1.0,0.0,1.0,1.0,0.0
left,0.674,2.0,2.0,0.0,1.0,1.0,0.0,1.0,1.0,0.0,1.0,1.0,0.0,1.0,1.0,0.0
left,0.676,2.0,2.0,0.0,1.0,1.0,0.0,1.0,1.0,0.0,1.0,1.0,0.0,1.0,1.0,0.0
left,0.678,2.0,2.0,0.0,1.0,1.0,0.0,1.0,1.0,0.0,1.0,1.0,0.0,1.0,1.0,0.0
left,0.68,2.0,2.0,0.0,1.0,1.0,0.0,1.0,1.0,0.0,1.0,1.0,0.0,1.0,1.0,0.0
left,0.682,2.0,2.0,0.0,1.0,1.0,0.0,1.0,1.0,0.0,1.0,1.0,0.0,1.0,1.0,0.0
left,0.684,2.0,2.0,0.0,1.0,1.0,0.0,1.0,1.0,0.0,1.0,1.0,0.0,1.0,1.0,0.0
left,0.686,2.0,2.0,0.0,1.0,1.0,0.0,1.0,1.0,0.0,1.0,1.0,0.0,1.0,1.0,0.0
left,0.6880000000000001,2.0,2.0,0.0,1.0,1.0,0.0,1.0,1.0,0.0,1.0,1.0,0.0,1.0,1.0,0.0
left,0.6900000000000001,2.0,2.0,0.0,1.0,1.0,0.0,1.0,1.0,0.0,1.0,1.0,0.0,1.0,1.0,0.0
left,0.6920000000000001,2.0,2.0,0.0,1.0,1.0,0.0,1.0,1.0,0.0,1.0,1.0,0.0,1.0,1.0,0.0
left,0.6940000000000001,2.0,2.0,0.0,1.0,1.0,0.0,1.0,1.0,0.0,1.0,1.0,0.0,1.0,1.0,0.0
left,0.6960000000000001,2.0,2.0,0.0,1.0,1.0,0.0,1.0,1.0,0.0,1.0,1.0,0.0,1.0,1.0,0.0
left,0.6980000000000001,2.0,2.0,0.0,1.0,1.0,0.0,1.0,1.0,0.0,1.0,1.0,0.0,1.0,1.0,0.0
left,0.7000000000000001,2.0,2.0,0.0,1.0,1.0,0.0,1.0,1.0,0.0,1.0,1.0,0.0,1.0,1.0,0.0
left,0.7020000000000001,2.0,2.0,0.0,1.0,1.0,0.0,1.0,1.0,0.0,1.0,1.0,0.0,1.0,1.0,0.0
left,0.704,2.0,2.0,0.0,1.0,1.0,0.0,1.0,1.0,0.0,1.0,1.0,0.0,1.0,1.0,0.0
left,0.706,2.0,2.0,0.0,1.0,1.0,0.0,1.0,1.0,0.0,1.0,1.0,0.0,1.0,1.0,0.0
left,0.708,2.0,2.0,0.0,1.0,1.0,0.0,1.0,1.0,0.0,1.0,1.0,0.0,1.0,1.0,0.0
left,0.71,2.0,2.0,0.0,1.0,1.0,0.0,1.0,1.0,0.0,1.0,1.0,0.0,1.0,1.0,0.0
left,0.712,2.0,2.0,0.0,1.0,1.0,0.0,1.0,1.0,0.0,1.0,1.0,0.0,1.0,1.0,0.0
left,0.714,2.0,2.0,0.0,1.0,1.0,0.0,1.0,1.0,0.0,1.0,1.0,0.0,1.0,1.0,0.0
left,0.716,2.0,2.0,0.0,1.0,1.0,0.0,1.0,1.0,0.0,1.0,1.0,0.0,1.0,1.0,0.0
left,0.718,2.0,2.0,0.0,1.0,1.0,0.0,1.0,1.0,0.0,1.0,1.0,0.0,1.0,1.0,0.0
left,0.72,2.0,2.0,0.0,1.0,1.0,0.0,1.0,1.0,0.0,1.0,1.0,0.0,1.0,1.0,0.0
left,0.722,2.0,2.0,0.0,1.0,1.0,0.0,1.0,1.0,0.0,1.0,1.0,0.0,1.0,1.0,0.0
left,0.724,2.0,2.0,0.0,1.0,1.0,0.0,1.0,1.0,0.0,1.0,1.0,0.0,1.0,1.0,0.0
left,0.726,2.0,2.0,0.0,1.0,1.0,0.0,1.0,1.0,0.0,1.0,1.0,0.0,1.0,1.0,0.0
left,0.728,2.0,2.0,0.0,1.0,1.0,0.0,1.0,1.0,0.0,1.0,1.0,0.0,1.0,1.0,0.0
left,0.73,2.0,2.0,0.0,1.0,1.0,0.0,1.0,1.0,0.0,1.0,1.0,0.0,1.0,1.0,0.0
left,0.732,2.0,2.0,0.0,1.0,1.0,0.0,1.0,1.0,0.0,1.0,1.0,0.0,1.0,1.0,0.0
left,0.734,2.0,2.0,0.0,1.0,1.0,0.0,1.0,1.0,0.0,1.0,1.0,0.0,1.0,1.0,0.0
left,0.736,2.0,2.0,0.0,1.0,1.0,0.0,1.0,1.0,0.0,1.0,1.0,0.0,1.0,1.0,0.0
left,0.738,2.0,2.0,0.0,1.0,1.0,0.0,1.0,1.0,0.0,1.0,1.0,0.0,1.0,1.0,0.0
left,0.74,2.0,2.0,0.0,1.0,1.0,0.0,1.0,1.0,0.0,1.0,1.0,0.0,1.0,1.0,0.0
left,0.742,2.0,2.0,0.0,1.0,1.0,0.0,1.0,1.0,0.0,1.0,1.0,0.0,1.0,1.0,0.0
left,0.744,2.0,2.0,0.0,1.0,1.0,0.0,1.0,1.0,0.0,1.0,1.0,0.0,1.0,1.0,0.0
left,0.746,2.0,2.0,0.0,1.0,1.0,0.0,1.0,1.0,0.0,1.0,1.0,0.0,1.0,1.0,0.0
left,0.748,2.0,2.0,0.0,1.0,1.0,0.0,1.0,1.0,0.0,1.0,1.0,0.0,1.0,1.0,0.0
left,0.75,2.0,2.0,0.0,1.0,1.0,0.0,1.0,1.0,0.0,1.0,1.0,0.0,1.0,1.0,0.0
left,0.752,2.0,2.0,0.0,1.0,1.0,0.0,1.0,1.0,0.0,1.0,1.0,0.0,1.0,1.0,0.0
left,0.754,2.0,2.0,0.0,1.0,1.0,0.0,1.0,1.0,0.0,1.0,1.0,0.0,1.0,1.0,0.0
left,0.756,2.0,2.0,0.0,1.0,1.0,0.0,1.0,1.0,0.0,1.0,1.0,0.0,1.0,1.0,0.0
left,0.758,2.0,2.0,0.0,1.0,1.0,0.0,1.0,1.0,0.0,1.0,1.0,0.0,1.0,1.0,0.0
left,0.76,2.0,2.0,0.0,1.0,1.0,0.0,1.0,1.0,0.0,1.0,1.0,0.0,1.0,1.0,0.0
left,0.762,2.0,2.0,0.0,1.0,1.0,0.0,1.0,1.0,0.0,1.0,1.0,0.0,1.0,1.0,0.0
left,0.764,2.0,2.0,0.0,1.0,1.0,0.0,1.0,1.0,0.0,1.0,1.0,0.0,1.0,1.0,0.0
left,0.766,2.0,2.0,0.0,1.0,1.0,0.0,1.0,1.0,0.0,1.0,1.0,0.0,1.0,1.0,0.0
left,0.768,2.0,2.0,0.0,1.0,1.0,0.0,1.0,1.0,0.0,1.0,1.0,0.0,1.0,1.0,0.0
left,0.77,2.0,2.0,0.0,1.0,1.0,0.0,1.0,1.0,0.0,1.0,1.0,0.0,1.0,1.0,0.0
left,0.772,2.0,2.0,0.0,1.0,1.0,0.0,1.0,1.0,0.0,1.0,1.0,0.0,1.0,1.0,0.0
left,0.774,2.0,2.0,0.0,1.0,1.0,0.0,1.0,1.0,0.0,1.0,1.0,0.0,1.0,1.0,0.0
left,0.776,2.0,2.0,0.0,1.0,1.0,0.0,1.0,1.0,0.0,1.0,1.0,0.0,1.0,1.0,0.0
left,0.778,2.0,2.0,0.0,1.0,1.0,0.0,1.0,1.0,0.0,1.0,1.0,0.0,1.0,1.0,0.0
left,0.78,2.0,2.0,0.0,1.0,1.0,0.0,1.0,1.0,0.0,1.0,1.0,0.0,1.0,1.0,0.0
left,0.782,2.0,2.0,0.0,1.0,1.0,0.0,1.0,1.0,0.0,1.0,1.0,0.0,1.0,1.0,0.0
left,0.784,2.0,2.0,0.0,1.0,1.0,0.0,1.0,1.0,0.0,1.0,1.0,0.0,1.0,1.0,0.0
left,0.786,2.0,2.0,0.0,1.0,1.0,0.0,1.0,1.0,0.0,1.0,1.0,0.0,1.0,1.0,0.0
left,0.788,2.0,2.0,0.0,1.0,1.0,0.0,1.0,1.0,0.0,1.0,1.0,0.0,1.0,1.0,0.0
left,0.79,2.0,2.0,0.0,1.0,1.0,0.0,1.0,1.0,0.0,1.0,1.0,0.0,1.0,1.0,0.0
left,0.792,2.0,2.0,0.0,1.0,1.0,0.0,1.0,1.0,0.0,1.0,1.0,0.0,1.0,1.0,0.0
left,0.794,2.0,2.0,0.0,1.0,1.0,0.0,1.0,1.0,0.0,1.0,1.0,0.0,1.0,1.0,0.0
left,0.796,2.0,2.0,0.0,1.0,1.0,0.0,1.0,1.0,0.0,1.0,1.0,0.0,1.0,1.0,0.0
left,0.798,2.0,2.0,0.0,1.0,1.0,0.0,1.0,1.0,0.0,1.0,1.0,0.0,1.0,1.0,0.0
left,0.8,2.0,2.0,0.0,1.0,1.0,0.0,1.0,1.0,0.0,1.0,1.0,0.0,1.0,1.0,0.0
left,0.802,2.0,2.0,0.0,1.0,1.0,0.0,1.0,1.0,0.0,1.0,1.0,0.0,1.0,1.0,0.0
left,0.804,2.0,2.0,0.0,1.0,1.0,0.0,1.0,1.0,0.0,1.0,1.0,0.0,1.0,1.0,0.0
left,0.806,2.0,2.0,0.0,1.0,1.0,0.0,1.0,1.0,0.0,1.0,1.0,0.0,1.0,1.0,0.0
left,0.808,2.0,2.0,0.0,1.0,1.0,0.0,1.0,1.0,0.0,1.0,1.0,0.0,1.0,1.0,0.0
left,0.81,2.0,2.0,0.0,1.0,1.0,0.0,1.0,1.0,0.0,1.0,1.0,0.0,1.0,1.0,0.0
left,0.812,2.0,2.0,0.0,1.0,1.0,0.0,1.0,1.0,0.0,1.0,1.0,0.0,1.0,1.0,0.0
left,0.8140000000000001,2.0,2.0,0.0,1.0,1.0,0.0,1.0,1.0,0.0,1.0,1.0,0.0,1.0,1.0,0.0
left,0.8160000000000001,2.0,2.0,0.0,1.0,1.0,0.0,1.0,1.0,0.0,1.0,1.0,0.0,1.0,1.0,0.0
left,0.8180000000000001,2.0,2.0,0.0,1.0,1.0,0.0,1.0,1.0,0.0,1.0,1.0,0.0,1.0,1.0,0.0
left,0.8200000000000001,2.0,2.0,0.0,1.0,1.0,0.0,1.0,1.0,0.0,1.0,1.0,0.0,1.0,1.0,0.0
left,0.8220000000000001,2.0,2.0,0.0,1.0,1.0,0.0,1.0,1.0,0.0,1.0,1.0,0.0,1.0,1.0,0.0
left,0.8240000000000001,2.0,2.0,0.0,1.0,1.0,0.0,1.0,1.0,0.0,1.0,1.0,0.0,1.0,1.0,0.0
left,0.8260000000000001,2.0,2.0,0.0,1.0,1.0,0.0,1.0,1.0,0.0,1.0,1.0,0.0,1.0,1.0,0.0
left,0.8280000000000001,2.0,2.0,0.0,1.0,1.0,0.0,1.0,1.0,0.0,1.0,1.0,0.0,1.0,1.0,0.0
left,0.8300000000000001,2.0,2.0,0.0,1.0,1.0,0.0,1.0,1.0,0.0,1.0,1.0,0.0,1.0,1.0,0.0
left,0.8320000000000001,2.0,2.0,0.0,1.0,1.0,0.0,1.0,1.0,0.0,1.0,1.0,0.0,1.0,1.0,0.0
left,0.834,2.0,2.0,0.0,1.0,1.0,0.0,1.0,1.0,0.0,1.0,1.0,0.0,1.0,1.0,0.0
left,0.836,2.0,2.0,0.0,1.0,1.0,0.0,1.0,1.0,0.0,1.0,1.0,0.0,1.0,1.0,0.0
left,0.838,2.0,2.0,0.0,1.0,1.0,0.0,1.0,1.0,0.0,1.0,1.0,0.0,1.0,1.0,0.0
left,0.84,2.0,2.0,0.0,1.0,1.0,0.0,1.0,1.0,0.0,1.0,1.0,0.0,1.0,1.0,0.0
left,0.842,2.0,2.0,0.0,1.0,1.0,0.0,1.0,1.0,0.0,1.0,1.0,0.0,1.0,1.0,0.0
left,0.844,2.0,2.0,0.0,1.0,1.0,0.0,1.0,1.0,0.0,1.0,1.0,0.0,1.0,1.0,0.0
left,0.846,2.0,2.0,0.0,1.0,1.0,0.0,1.0,1.0,0.0,1.0,1.0,0.0,1.0,1.0,0.0
left,0.848,2.0,2.0,0.0,1.0,1.0,0.0,1.0,1.0,0.0,1.0,1.0,0.0,1.0,1.0,0.0
left,0.85,2.0,2.0,0.0,1.0,1.0,0.0,1.0,1.0,0.0,1.0,1.0,0.0,1.0,1.0,0.0
left,0.852,2.0,2.0,0.0,1.0,1.0,0.0,1.0,1.0,0.0,1.0,1.0,0.0,1.0,1.0,0.0
left,0.854,2.0,2.0,0.0,1.0,1.0,0.0,1.0,1.0,0.0,1.0,1.0,0.0,1.0,1.0,0.0
left,0.856,2.0,2.0,0.0,1.0,1.0,0.0,1.0,1.0,0.0,1.0,1.0,0.0,1.0,1.0,0.0
left,0.858,2.0,2.0,0.0,1.0,1.0,0.0,1.0,1.0,0.0,1.0,1.0,0.0,1.0,1.0,0.0
left,0.86,2.0,2.0,0.0,1.0,1.0,0.0,1.0,1.0,0.0,1.0,1.0,0.0,1.0,1.0,0.0
left,0.862,2.0,2.0,0.0,1.0,1.0,0.0,1.0,1.0,0.0,1.0,1.0,0.0,1.0,1.0,0.0
left,0.864,2.0,2.0,0.0,1.0,1.0,0.0,1.0,1.0,0.0,1.0,1.0,0.0,1.0,1.0,0.0
left,0.866,2.0,2.0,0.0,1.0,1.0,0.0,1.0,1.0,0.0,1.0,1.0,0.0,1.0,1.0,0.0
left,0.868,2.0,2.0,0.0,1.0,1.0,0.0,1.0,1.0,0.0,1.0,1.0,0.0,1.0,1.0,0.0
left,0.87,2.0,2.0,0.0,1.0,1.0,0.0,1.0,1.0,0.0,1.0,1.0,0.0,1.0,1.0,0.0
left,0.872,2.0,2.0,0.0,1.0,1.0,0.0,1.0,1.0,0.0,1.0,1.0,0.0,1.0,1.0,0.0
left,0.874,2.0,2.0,0.0,1.0,1.0,0.0,1.0,1.0,0.0,1.0,1.0,0.0,1.0,1.0,0.0
left,0.876,2.0,2.0,0.0,1.0,1.0,0.0,1.0,1.0,0.0,1.0,1.0,0.0,1.0,1.0,0.0
left,0.878,2.0,2.0,0.0,1.0,1.0,0.0,1.0,1.0,0.0,1.0,1.0,0.0,1.0,1.0,0.0
left,0.88,2.0,2.0,0.0,1.0,1.0,0.0,1.0,1.0,0.0,1.0,1.0,0.0,1.0,1.0,0.0
left,0.882,2.0,2.0,0.0,1.0,1.0,0.0,1.0,1.0,0.0,1.0,1.0,0.0,1.0,1.0,0.0
left,0.884,2.0,2.0,0.0,1.0,1.0,0.0,1.0,1.0,0.0,1.0,1.0,0.0,1.0,1.0,0.0
left,0.886,2.0,2.0,0.0,1.0,1.0,0.0,1.0,1.0,0.0,1.0,1.0,0.0,1.0,1.0,0.0
left,0.888,2.0,2.0,0.0,1.0,1.0,0.0,1.0,1.0,0.0,1.0,1.0,0.0,1.0,1.0,0.0
left,0.89,2.0,2.0,0.0,1.0,1.0,0.0,1.0,1.0,0.0,1.0,1.0,0.0,1.0,1.0,0.0
left,0.892,2.0,2.0,0.0,1.0,1.0,0.0,1.0,1.0,0.0,1.0,1.0,0.0,1.0,1.0,0.0
left,0.894,2.0,2.0,0.0,1.0,1.0,0.0,1.0,1.0,0.0,1.0,1.0,0.0,1.0,1.0,0.0
left,0.896,2.0,2.0,0.0,1.0,1.0,0.0,1.0,1.0,0.0,1.0,1.0,0.0,1.0,1.0,0.0
left,0.898,2.0,2.0,0.0,1.0,1.0,0.0,1.0,1.0,0.0,1.0,1.0,0.0,1.0,1.0,0.0
left,0.9,2.0,2.0,0.0,1.0,1.0,0.0,1.0,1.0,0.0,1.0,1.0,0.0,1.0,1.0,0.0
left,0.902,2.0,2.0,0.0,1.0,1.0,0.0,1.0,1.0,0.0,1.0,1.0,0.0,1.0,1.0,0.0
left,0.904,2.0,2.0,0.0,1.0,1.0,0.0,1.0,1.0,0.0,1.0,1.0,0.0,1.0,1.0,0.0
left,0.906,2.0,2.0,0.0,1.0,1.0,0.0,1.0,1.0,0.0,1.0,1.0,0.0,1.0,1.0,0.0
left,0.908,2.0,2.0,0.0,1.0,1.0,0.0,1.0,1.0,0.0,1.0,1.0,0.0,1.0,1.0,0.0
left,0.91,2.0,2.0,0.0,1.0,1.0,0.0,1.0,1.0,0.0,1.0,1.0,0.0,1.0,1.0,0.0
left,0.912,2.0,2.0,0.0,1.0,1.0,0.0,1.0,1.0,0.0,1.0,1.0,0.0,1.0,1.0,0.0
left,0.914,2.0,2.0,0.0,1.0,1.0,0.0,1.0,1.0,0.0,1.0,1.0,0.0,1.0,1.0,0.0
left,0.916,2.0,2.0,0.0,1.0,1.0,0.0,1.0,1.0,0.0,1.0,1.0,0.0,1.0,1.0,0.0
left,0.918,2.0,2.0,0.0,1.0,1.0,0.0,1.0,1.0,0.0,1.0,1.0,0.0,1.0,1.0,0.0
left,0.92,2.0,2.0,0.0,1.0,1.0,0.0,1.0,1.0,0.0,1.0,1.0,0.0,1.0,1.0,0.0
left,0.922,2.0,2.0,0.0,1.0,1.0,0.0,1.0,1.0,0.0,1.0,1.0,0.0,1.0,1.0,0.0
left,0.924,2.0,2.0,0.0,1.0,1.0,0.0,1.0,1.0,0.0,1.0,1.0,0.0,1.0,1.0,0.0
left,0.926,2.0,2.0,0.0,1.0,1.0,0.0,1.0,1.0,0.0,1.0,1.0,0.0,1.0,1.0,0.0
left,0.928,2.0,2.0,0.0,1.0,1.0,0.0,1.0,1.0,0.0,1.0,1.0,0.0,1.0,1.0,0.0
left,0.93,2.0,2.0,0.0,1.0,1.0,0.0,1.0,1.0,0.0,1.0,1.0,0.0,1.0,1.0,0.0
left,0.932,2.0,2.0,0.0,1.0,1.0,0.0,1.0,1.0,0.0,1.0,1.0,0.0,1.0,1.0,0.0
left,0.934,2.0,2.0,0.0,1.0,1.0,0.0,1.0,1.0,0.0,1.0,1.0,0.0,1.0,1.0,0.0
left,0.936,2.0,2.0,0.0,1.0,1.0,0.0,1.0,1.0,0.0,1.0,1.0,0.0,1.0,1.0,0.0
left,0.9380000000000001,2.0,2.0,0.0,1.0,1.0,0.0,1.0,1.0,0.0,1.0,1.0,0.0,1.0,1.0,0.0
left,0.9400000000000001,2.0,2.0,0.0,1.0,1.0,0.0,1.0,1.0,0.0,1.0,1.0,0.0,1.0,1.0,0.0
left,0.9420000000000001,2.0,2.0,0.0,1.0,1.0,0.0,1.0,1.0,0.0,1.0,1.0,0.0,1.0,1.0,0.0
left,0.9440000000000001,2.0,2.0,0.0,1.0,1.0,0.0,1.0,1.0,0.0,1.0,1.0,0.0,1.0,1.0,0.0
left,0.9460000000000001,2.0,2.0,0.0,1.0,1.0,0.0,1.0,1.0,0.0,1.0,1.0,0.0,1.0,1.0,0.0
left,0.9480000000000001,2.0,2.0,0.0,1.0,1.0,0.0,1.0,1.0,0.0,1.0,1.0,0.0,1.0,1.0,0.0
left,0.9500000000000001,2.0,2.0,0.0,1.0,1.0,0.0,1.0,1.0,0.0,1.0,1.0,0.0,1.0,1.0,0.0
left,0.9520000000000001,2.0,2.0,0.0,1.0,1.0,0.0,1.0,1.0,0.0,1.0,1.0,0.0,1.0,1.0,0.0
left,0.9540000000000001,2.0,2.0,0.0,1.0,1.0,0.0,1.0,1.0,0.0,1.0,1.0,0.0,1.0,1.0,0.0
left,0.9560000000000001,2.0,2.0,0.0,1.0,1.0,0.0,1.0,1.0,0.0,1.0,1.0,0.0,1.0,1.0,0.0
left,0.9580000000000001,2.0,2.0,0.0,1.0,1.0,0.0,1.0,1.0,0.0,1.0,1.0,0.0,1.0,1.0,0.0
left,0.96,2.0,2.0,0.0,1.0,1.0,0.0,1.0,1.0,0.0,1.0,1.0,0.0,1.0,1.0,0.0
left,0.962,2.0,2.0,0.0,1.0,1.0,0.0,1.0,1.0,0.0,1.0,1.0,0.0,1.0,1.0,0.0
left,0.964,2.0,2.0,0.0,1.0,1.0,0.0,1.0,1.0,0.0,1.0,1.0,0.0,1.0,1.0,0.0
left,0.966,2.0,2.0,0.0,1.0,1.0,0.0,1.0,1.0,0.0,1.0,1.0,0.0,1.0,1.0,0.0
left,0.968,2.0,2.0,0.0,1.0,1.0,0.0,1.0,1.0,0.0,1.0,1.0,0.0,1.0,1.0,0.0
left,0.97,2.0,2.0,0.0,1.0,1.0,0.0,1.0,1.0,0.0,1.0,1.0,0.0,1.0,1.0,0.0
left,0.972,2.0,2.0,0.0,1.0,1.0,0.0,1.0,1.0,0.0,1.0,1.0,0.0,1.0,1.0,0.0
left,0.974,2.0,2.0,0.0,1.0,1.0,0.0,1.0,1.0,0.0,1.0,1.0,0.0,1.0,1.0,0.0
left,0.976,2.0,2.0,0.0,1.0,1.0,0.0,1.0,1.0,0.0,1.0,1.0,0.0,1.0,1.0,0.0
left,0.978,2.0,2.0,0.0,1.0,1.0,0.0,1.0,1.0,0.0,1.0,1.0,0.0,1.0,1.0,0.0
left,0.98,2.0,2.0,0.0,1.0,1.0,0.0,1.0,1.0,0.0,1.0,1.0,0.0,1.0,1.0,0.0
left,0.982,2.0,2.0,0.0,1.0,1.0,0.0,1.0,1.0,0.0,1.0,1.0,0.0,1.0,1.0,0.0
left,0.984,2.0,2.0,0.0,1.0,1.0,0.0,1.0,1.0,0.0,1.0,1.0,0.0,1.0,1.0,0.0
left,0.986,2.0,2.0,0.0,1.0,1.0,0.0,1.0,1.0,0.0,1.0,1.0,0.0,1.0,1.0,0.0
left,0.988,2.0,2.0,0.0,1.0,1.0,0.0,1.0,1.0,0.0,1.0,1.0,0.0,1.0,1.0,0.0
left,0.99,2.0,2.0,0.0,1.0,1.0,0.0,1.0,1.0,0.0,1.0,1.0,0.0,1.0,1.0,0.0
left,0.992,2.0,2.0,0.0,1.0,1.0,0.0,1.0,1.0,0.0,1.0,1.0,0.0,1.0,1.0,0.0
left,0.994,2.0,2.0,0.0,1.0,1.0,0.0,1.0,1.0,0.0,1.0,1.0,0.0,1.0,1.0,0.0
left,0.996,2.0,2.0,0.0,1.0,1.0,0.0,1.0,1.0,0.0,1.0,1.0,0.0,1.0,1.0,0.0
left,0.998,2.0,2.0,0.0,1.0,1.0,0.0,1.0,1.0,0.0,1.0,1.0,0.0,1.0,1.0,0.0
left,0.9999999999999999,2.0,2.0,0.0,1.0,1.0,0.0,1.0,1.0,0.0,1.0,1.0,0.0,1.0,1.0,0.0
right,0.0,1.0,1.0,0.0,-4.0,1.0,5.0,-0.0,0.0,0.0,-4.0,1.0,5.0,-0.0,0.0,0.0
right,0.002,1.0025056372134529,1.0025056372134529,0.0,-4.010022548853811,1.0025056372134526,5.0125281860672635,-1.2961166409628935e-18,3.2402916024072337e-19,1.6201458012036168e-18,-4.010022548853811,1.0025056372134526,5.0125281860672635,-1.2961166409628935e-17,3.2402916024072337e-18,1.620145801203617e-17
right,0.004,1.0050225979161227,1.0050225979161227,0.0,-4.020090391664492,1.005022597916123,5.025112989580615,-4.1999012851266015e-17,1.0499753212816504e-17,5.249876606408252e-17,-4.020090391664492,1.005022597916123,5.025112989580615,-4.199901285126602e-16,1.0499753212816504e-16,5.249876606408252e-16
right,0.006,1.0075509561735723,1.0075509561735723,0.0,-4.0302038246942855,1.0075509561735714,5.037754780867857,-3.2296193672011315e-16,8.074048418002829e-17,4.0370242090014146e-16,-4.0302038246942855,1.0075509561735714,5.037754780867857,-3.2296193672011317e-15,8.074048418002829e-16,4.0370242090014144e-15
right,0.008,1.010090786686159,1.010090786686159,0.0,-4.040363146744621,1.0100907866861553,5.050453933430776,-1.3781991423681389e-15,3.445497855920347e-16,1.7227489279601736e-15,-4.040363146744621,1.0100907866861553,5.050453933430776,-1.3781991423681389e-14,3.445497855920347e-15,1.7227489279601736e-14
right,0.01,1.0126421647957682,1.0126421647957682,0.0,-4.05056865918303,1.0126421647957575,5.063210823978787,-4.259317602333445e-15,1.0648294005833612e-15,5.324147002916806e-15,-4.05056865918303,1.0126421647957575,5.063210823978787,-4.259317602333445e-14,1.0648294005833612e-14,5.324147002916806e-14
right,0.012,1.0152051664926323,1.0152051664926323,0.0,-4.060820665970421,1.0152051664926052,5.076025832463026,-1.0733350656105394e-14,2.6833376640263484e-15,1.3416688320131742e-14,-4.060820665970421,1.0152051664926052,5.076025832463026,-1.0733350656105394e-13,2.6833376640263485e-14,1.3416688320131741e-13
right,0.014,1.0177798684222379,1.0177798684222379,0.0,-4.071119473688718,1.0177798684221795,5.0888993421108975,-2.349467551380579e-14,5.873668878451447e-15,2.9368344392257236e-14,-4.071119473688718,1.0177798684221795,5.0888993421108975,-2.349467551380579e-13,5.873668878451447e-14,2.9368344392257236e-13
right,0.016,1.020366347892318,1.020366347892318,0.0,-4.081465391568809,1.0203663478922023,5.101831739461011,-4.6391726929886166e-14,1.1597931732471541e-14,5.79896586623577e-14,-4.081465391568809,1.0203663478922023,5.101831739461011,-4.639172692988616e-13,1.159793173247154e-13,5.79896586623577e-13
right,0.018000000000000002,1.022964682879936,1.022964682879936,0.0,-4.0918587315188955,1.0229646828797239,5.11482341439862,-8.466925104627465e-14,2.1167312761568663e-14,1.0583656380784332e-13,-4.0918587315188955,1.0229646828797239,5.11482341439862,-8.466925104627466e-13,2.1167312761568664e-13,1.0583656380784333e-12
right,0.02,1.0255749520386583,1.0255749520386583,0.0,-4.102299808153183,1.0255749520382957,5.127874760191479,-1.4522687643168285e-13,3.630671910792071e-14,1.8153359553960355e-13,-4.102299808153183,1.0255749520382957,5.127874760191479,-1.4522687643168284e-12,3.630671910792071e-13,1.8153359553960355e-12
right,0.022,1.0281972347058186,1.0281972347058186,0.0,-4.112788938820904,1.028197234705226,5.14098617352613,-2.3689481377007733e-13,5.922370344251933e-14,2.961185172125967e-13,-4.112788938820904,1.028197234705226,5.14098617352613,-2.3689481377007735e-12,5.922370344251934e-13,2.961185172125967e-12
right,0.024,1.0308316109098765,1.0308316109098765,0.0,-4.123326443635799,1.0308316109089497,5.154158054544748,-3.7072753153532164e-13,9.268188288383041e-14,4.63409414419152e-13,-4.123326443635799,1.0308316109089497,5.154158054544748,-3.707275315353216e-12,9.26818828838304e-13,4.63409414419152e-12
right,0.026000000000000002,1.0334781613778692,1.0334781613778692,0.0,-4.133912645505875,1.0334781613764688,5.167390806882343,-5.603162923918627e-13,1.4007907309796567e-13,7.003953654898283e-13,-4.133912645505875,1.0334781613764688,5.167390806882343,-5.603162923918627e-12,1.4007907309796567e-12,7.003953654898284e-12
right,0.028,1.0361369675429595,1.0361369675429595,0.0,-4.144547870163616,1.036136967540904,5.18068483770452,-8.221214740468668e-13,2.055303685117167e-13,1.0276518425585835e-12,-4.144547870163616,1.036136967540904,5.18068483770452,-8.221214740468668e-12,2.055303685117167e-12,1.0276518425585834e-11
right,0.03,1.038808111552082,1.038808111552082,0.0,-4.155232446196568,1.038808111549142,5.19404055774571,-1.1758256389138513e-12,2.9395640972846284e-13,1.469782048642314e-12,-4.155232446196568,1.038808111549142,5.19404055774571,-1.1758256389138513e-11,2.939564097284628e-12,1.469782048642314e-11
right,0.032,1.0414916762736866,1.0414916762736866,0.0,-4.165966705078299,1.0414916762695747,5.207458381347873,-1.6447083593009111e-12,4.111770898252278e-13,2.055885449126139e-12,-4.165966705078299,1.0414916762695747,5.207458381347873,-1.644708359300911e-11,4.111770898252278e-12,2.055885449126139e-11
right,0.034,1.0441877453055826,1.0441877453055826,0.0,-4.1767509811997705,1.0441877452999426,5.220938726499713,-2.256043848980375e-12,5.640109622450938e-13,2.820054811225469e-12,-4.1767509811997705,1.0441877452999426,5.220938726499713,-2.256043848980375e-11,5.640109622450938e-12,2.8200548112254687e-11
right,0.036000000000000004,1.0468964029828853,1.0468964029828853,0.0,-4.187585611901125,1.0468964029752812,5.234482014876406,-3.0415224980064563e-12,7.603806245016141e-13,3.801903122508071e-12,-4.187585611901125,1.0468964029752812,5.234482014876406,-3.0415224980064566e-11,7.603806245016141e-12,3.801903122508071e-11
right,0.038,1.049617734386066,1.049617734386066,0.0,-4.198470937503888,1.049617734375972,5.24808867187986,-4.037697455601677e-12,1.0094243639004192e-12,5.047121819502096e-12,-4.198470937503888,1.049617734375972,5.24808867187986,-4.037697455601677e-11,1.0094243639004192e-11,5.047121819502096e-11
right,0.04,1.052351825349104,1.052351825349104,0.0,-4.209407301343551,1.0523518253358877,5.261759126679438,-5.286457455913468e-12,1.321614363978367e-12,6.6080718198918346e-12,-4.209407301343551,1.0523518253358877,5.261759126679438,-5.2864574559134676e-11,1.3216143639783669e-11,6.608071819891835e-11
right,0.042,1.05509876246775,1.05509876246775,0.0,-4.220395049802645,1.0550987624506611,5.2754938122533055,-6.835527133534807e-12,1.7088817833837018e-12,8.544408916918509e-12,-4.220395049802645,1.0550987624506611,5.2754938122533055,-6.835527133534807e-11,1.7088817833837017e-11,8.544408916918508e-11
right,0.044,1.057858633107892,1.057858633107892,0.0,-4.231434532344178,1.0578586330860444,5.289293165430222,-8.738996129975837e-12,2.1847490324939593e-12,1.0923745162469796e-11,-4.231434532344178,1.0578586330860444,5.289293165430222,-8.738996129975837e-11,2.1847490324939592e-11,1.0923745162469796e-10
right,0.046,1.0606315254140362,1.0606315254140362,0.0,-4.242526101545565,1.0606315253863912,5.303157626931956,-1.1057878348860417e-11,2.764469587215104e-12,1.382234793607552e-11,-4.242526101545565,1.0606315253863912,5.303157626931956,-1.1057878348860416e-10,2.764469587215104e-11,1.382234793607552e-10
right,0.048,1.0634175283178944,1.0634175283178944,0.0,-4.25367011313297,1.0634175282832425,5.3170876414162125,-1.3860702776598527e-11,3.4651756941496318e-12,1.732587847074816e-11,-4.25367011313297,1.0634175282832425,5.3170876414162125,-1.3860702776598527e-10,3.465175694149632e-11,1.7325878470748158e-10
right,0.05,1.0662167315470878,1.0662167315470878,0.0,-4.2648669260161105,1.0662167315040276,5.331083657520138,-1.7224137346754365e-11,4.306034336688591e-12,2.1530171683442957e-11,-4.2648669260161105,1.0662167315040276,5.331083657520138,-1.7224137346754365e-10,4.3060343366885914e-11,2.1530171683442956e-10
right,0.052000000000000005,1.0690292256339642,1.0690292256339642,0.0,-4.276116902323521,1.0690292255808802,5.3451461279044015,-2.123364739039501e-11,5.308411847598753e-12,2.6542059237993762e-11,-4.276116902323521,1.0690292255808802,5.3451461279044015,-2.123364739039501e-10,5.3084118475987524e-11,2.6542059237993763e-10
right,0.054,1.0718551019245317,1.0718551019245317,0.0,-4.287420407438283,1.0718551018595708,5.359275509297854,-2.5984190281476475e-11,6.496047570369119e-12,3.2480237851845596e-11,-4.287420407438283,1.0718551018595708,5.359275509297854,-2.5984190281476476e-10,6.496047570369119e-11,3.2480237851845594e-10
right,0.056,1.074694452587512,1.074694452587512,0.0,-4.29877781003424,1.07469445250856,5.3734722625427995,-3.158094795591669e-11,7.895236988979172e-12,3.947618494489586e-11,-4.29877781003424,1.07469445250856,5.3734722625427995,-3.158094795591669e-10,7.895236988979172e-11,3.947618494489586e-10
right,0.058,1.0775473706235104,1.0775473706235104,0.0,-4.31018948211264,1.07754737052816,5.3877368526408,-3.814009905553743e-11,9.535024763884358e-12,4.7675123819421794e-11,-4.31018948211264,1.07754737052816,5.3877368526408,-3.8140099055537435e-10,9.535024763884359e-11,4.76751238194218e-10
right,0.06,1.0804139498743133,1.0804139498743133,0.0,-4.321655799039358,1.0804139497598395,5.402069748799198,-4.578963252365744e-11,1.144740813091436e-11,5.72370406545718e-11,-4.321655799039358,1.0804139497598395,5.402069748799198,-4.578963252365744e-10,1.144740813091436e-10,5.72370406545718e-10
right,0.062,1.0832942850323037,1.0832942850323037,0.0,-4.3331771395825145,1.0832942848956286,5.416471424478143,-5.467020455790911e-11,1.3667551139477277e-11,6.833775569738638e-11,-4.3331771395825145,1.0832942848956286,5.416471424478143,-5.46702045579091e-10,1.3667551139477276e-10,6.833775569738638e-10
right,0.064,1.086188471650007,1.086188471650007,0.0,-4.3447538859506665,1.0861884714876666,5.430942357438333,-6.493604090797813e-11,1.6234010226994532e-11,8.117005113497266e-11,-4.3447538859506665,1.0861884714876666,5.430942357438333,-6.493604090797813e-10,1.6234010226994533e-10,8.117005113497266e-10
right,0.066,1.0890966061497622,1.0890966061497622,0.0,-4.35638642383149,1.0890966059578726,5.445483029789363,-7.67558865915593e-11,1.9188971647889826e-11,9.594485823944914e-11,-4.35638642383149,1.0890966059578726,5.445483029789363,-7.675588659155931e-10,1.9188971647889827e-10,9.594485823944913e-10
right,0.068,1.0920187858335229,1.0920187858335229,0.0,-4.368075142430952,1.092018785607738,5.46009392803869,-9.031400519103744e-11,2.257850129775936e-11,1.128925064887968e-10,-4.368075142430952,1.092018785607738,5.46009392803869,-9.031400519103744e-10,2.257850129775936e-10,1.128925064887968e-09
right,0.07,1.0949551088927911,1.0949551088927911,0.0,-4.379820434513052,1.094955108628263,5.474775543141314,-1.0581122998639287e-10,2.6452807496598218e-11,1.3226403748299108e-10,-4.379820434513052,1.094955108628263,5.474775543141314,-1.0581122998639287e-09,2.6452807496598217e-10,1.3226403748299108e-09
right,0.07200000000000001,1.0979056744186848,1.0979056744186848,0.0,-4.39162269644008,1.09790567411002,5.4895283705501,-1.234660692767524e-10,3.08665173191881e-11,1.543325865959405e-10,-4.39162269644008,1.09790567411002,5.4895283705501,-1.234660692767524e-09,3.08665173191881e-10,1.543325865959405e-09
right,0.074,1.1008705824121392,1.1008705824121392,0.0,-4.403482328213399,1.1008705820533498,5.504352910266749,-1.435158683440316e-10,3.58789670860079e-11,1.793948354300395e-10,-4.403482328213399,1.1008705820533498,5.504352910266749,-1.435158683440316e-09,3.58789670860079e-10,1.793948354300395e-09
right,0.076,1.10384993379425,1.10384993379425,0.0,-4.415399733514819,1.1038499333787049,5.519249666893524,-1.662180306174208e-10,4.15545076543552e-11,2.07772538271776e-10,-4.415399733514819,1.1038499333787049,5.519249666893524,-1.662180306174208e-09,4.15545076543552e-10,2.07772538271776e-09
right,0.078,1.1068438304167532,1.1068438304167532,0.0,-4.427375319748501,1.1068438299371253,5.534219149685626,-1.9185130070721778e-10,4.7962825176804444e-11,2.3981412588402223e-10,-4.427375319748501,1.1068438299371253,5.534219149685626,-1.918513007072178e-09,4.796282517680445e-10,2.3981412588402225e-09
right,0.08,1.1098523750726481,1.1098523750726481,0.0,-4.439409498083421,1.1098523745208553,5.549261872604276,-2.2071711209093347e-10,5.5179278022733366e-11,2.758963901136668e-10,-4.439409498083421,1.1098523745208553,5.549261872604276,-2.2071711209093345e-09,5.517927802273336e-10,2.758963901136668e-09
right,0.082,1.1128756715069676,1.1128756715069676,0.0,-4.45150268349646,1.112875670874115,5.564378354370575,-2.531410023538481e-10,6.328525058846202e-11,3.164262529423101e-10,-4.45150268349646,1.112875670874115,5.564378354370575,-2.5314100235384807e-09,6.328525058846202e-10,3.164262529423101e-09
right,0.084,1.115913824427692,1.115913824427692,0.0,-4.463655294816027,1.1159138237040067,5.579569118520034,-2.894740990105101e-10,7.236852475262753e-11,3.6184262376313764e-10,-4.463655294816027,1.1159138237040067,5.579569118520034,-2.894740990105101e-09,7.236852475262753e-10,3.6184262376313763e-09
right,0.08600000000000001,1.1189669395168138,1.1189669395168138,0.0,-4.47586775476631,1.1189669386915775,5.594834693457887,-3.3009467906326315e-10,8.252366976581579e-11,4.1261834882907896e-10,-4.47586775476631,1.1189669386915775,5.594834693457887,-3.3009467906326317e-09,8.252366976581579e-10,4.126183488290789e-09
right,0.088,1.1220351234415535,1.1220351234415535,0.0,-4.488140490012114,1.1220351225030285,5.6101756125151425,-3.7540980558896424e-10,9.385245139724106e-11,4.692622569862053e-10,-4.488140490012114,1.1220351225030285,5.6101756125151425,-3.7540980558896425e-09,9.385245139724106e-10,4.692622569862053e-09
right,0.09,1.1251184838657315,1.1251184838657315,0.0,-4.500473931204355,1.1251184828010887,5.625592414005443,-4.258570447858903e-10,1.0646426119647257e-10,5.323213059823628e-10,-4.500473931204355,1.1251184828010887,5.625592414005443,-4.258570447858902e-09,1.0646426119647256e-09,5.323213059823628e-09
right,0.092,1.128217129461293,1.128217129461293,0.0,-4.51286851302611,1.1282171282565274,5.641085641282637,-4.819062670596062e-10,1.2047656676490154e-10,6.023828338245078e-10,-4.51286851302611,1.1282171282565274,5.641085641282637,-4.819062670596062e-09,1.2047656676490155e-09,6.0238283382450775e-09
right,0.094,1.1313311699199946,1.1313311699199946,0.0,-4.525324674239364,1.131331168559841,5.656655842799205,-5.44061535879639e-10,1.3601538396990974e-10,6.800769198495487e-10,-4.525324674239364,1.131331168559841,5.656655842799205,-5.4406153587963895e-09,1.3601538396990974e-09,6.800769198495487e-09
right,0.096,1.1344607159652518,1.1344607159652518,0.0,-4.537842857732376,1.134460714433094,5.67230357216547,-6.128630882983176e-10,1.532157720745794e-10,7.66078860372897e-10,-4.537842857732376,1.134460714433094,5.67230357216547,-6.128630882983176e-09,1.532157720745794e-09,7.66078860372897e-09
right,0.098,1.1376058793641508,1.1376058793641508,0.0,-4.55042351056771,1.1376058776419276,5.688029388209638,-6.888894111894891e-10,1.7222235279737227e-10,8.611117639868614e-10,-4.55042351056771,1.1376058776419276,5.688029388209638,-6.888894111894891e-09,1.7222235279737227e-09,8.611117639868615e-09
right,0.1,1.1407667729396265,1.1407667729396265,0.0,-4.563067084030913,1.1407667710077283,5.703833855038641,-7.727594174382146e-10,1.9318985435955366e-10,9.659492717977683e-10,-4.563067084030913,1.1407667710077283,5.703833855038641,-7.727594174382146e-09,1.9318985435955366e-09,9.659492717977683e-09
right,0.10200000000000001,1.1439435105828106,1.1439435105828106,0.0,-4.575774033679895,1.1439435084199738,5.719717542099869,-8.651347264933651e-10,2.1628368162334129e-10,1.0814184081167065e-09,-4.575774033679895,1.1439435084199738,5.719717542099869,-8.651347264933652e-09,2.162836816233413e-09,1.0814184081167065e-08
right,0.10400000000000001,1.1471362072655524,1.1471362072655524,0.0,-4.58854481939499,1.1471362048487475,5.735681024243737,-9.667220538835091e-10,2.416805134708773e-10,1.2084025673543864e-09,-4.58854481939499,1.1471362048487475,5.735681024243737,-9.667220538835091e-09,2.416805134708773e-09,1.2084025673543865e-08
right,0.106,1.150344979053113,1.150344979053113,0.0,-4.601379905429696,1.150344976357424,5.75172488178712,-1.0782757144930385e-09,2.6956892862325964e-10,1.347844643116298e-09,-4.601379905429696,1.150344976357424,5.75172488178712,-1.0782757144930385e-08,2.695689286232596e-09,1.347844643116298e-08
right,0.108,1.1535699431170396,1.1535699431170396,0.0,-4.614279760462157,1.1535699401155393,5.767849700577696,-1.2006002446003937e-09,3.0015006115009843e-10,1.5007503057504921e-09,-4.614279760462157,1.1535699401155393,5.767849700577696,-1.2006002446003937e-08,3.0015006115009842e-09,1.5007503057504923e-08
right,0.11,1.1568112177482186,1.1568112177482186,0.0,-4.627244857647342,1.1568112144118354,5.784056072059177,-1.3345531478938988e-09,3.336382869734747e-10,1.6681914348673735e-09,-4.627244857647342,1.1568112144118354,5.784056072059177,-1.3345531478938988e-08,3.336382869734747e-09,1.6681914348673733e-08
right,0.112,1.1600689223701144,1.1600689223701144,0.0,-4.640275674669981,1.1600689186674953,5.800344593337476,-1.481047770903553e-09,3.7026194272588823e-10,1.851309713629441e-09,-4.640275674669981,1.1600689186674953,5.800344593337476,-1.4810477709035529e-08,3.702619427258882e-09,1.851309713629441e-08
right,0.114,1.1633431775521923,1.1633431775521923,0.0,-4.653372693798207,1.1633431734495518,5.816715867247759,-1.6410563135193801e-09,4.1026407837984504e-10,2.051320391899225e-09,-4.653372693798207,1.1633431734495518,5.816715867247759,-1.64105631351938e-08,4.10264078379845e-09,2.051320391899225e-08
right,0.116,1.1666341050235345,1.1666341050235345,0.0,-4.666536401938007,1.1666341004845018,5.833170502422509,-1.8156129805092748e-09,4.539032451273187e-10,2.2695162256365935e-09,-4.666536401938007,1.1666341004845018,5.833170502422509,-1.8156129805092748e-08,4.539032451273187e-09,2.2695162256365934e-08
right,0.11800000000000001,1.1699418276866467,1.1699418276866467,0.0,-4.679767290688413,1.1699418226721032,5.849709113360516,-2.005817280201834e-09,5.014543200504585e-10,2.5072716002522924e-09,-4.679767290688413,1.1699418226721032,5.849709113360516,-2.005817280201834e-08,5.014543200504585e-09,2.5072716002522925e-08
right,0.12,1.1732664696314612,1.1732664696314612,0.0,-4.693065856397472,1.173266464099368,5.86633232049684,-2.2128374767631557e-09,5.532093691907889e-10,2.7660468459539447e-09,-4.693065856397472,1.173266464099368,5.86633232049684,-2.2128374767631557e-08,5.532093691907889e-09,2.7660468459539446e-08
right,0.122,1.1766081561495394,1.1766081561495394,0.0,-4.706432600219014,1.1766081500547536,5.883040750273768,-2.4379142027713342e-09,6.094785506928336e-10,3.0473927534641677e-09,-4.706432600219014,1.1766081500547536,5.883040750273768,-2.437914202771334e-08,6.094785506928335e-09,3.0473927534641676e-08
right,0.124,1.1799670137484786,1.1799670137484786,0.0,-4.719868028170273,1.1799670070425683,5.899835035212842,-2.6823642390789055e-09,6.705910597697264e-10,3.3529552988486317e-09,-4.719868028170273,1.1799670070425683,5.899835035212842,-2.6823642390789054e-08,6.7059105976972634e-09,3.352955298848632e-08
right,0.126,1.1833431701665214,1.1833431701665214,0.0,-4.73337265119024,1.18334316279756,5.9167158139878,-2.9475844692523012e-09,7.368961173130753e-10,3.6844805865653765e-09,-4.73337265119024,1.18334316279756,5.9167158139878,-2.9475844692523012e-08,7.368961173130753e-09,3.6844805865653766e-08
right,0.128,1.1867367543873784,1.1867367543873784,0.0,-4.746946985198952,1.186736746299738,5.93368373149869,-3.2350560161891428e-09,8.087640040472857e-10,4.043820020236429e-09,-4.746946985198952,1.186736746299738,5.93368373149869,-3.235056016189143e-08,8.087640040472858e-09,4.043820020236429e-08
right,0.13,1.1901478966552603,1.1901478966552603,0.0,-4.760591551157554,1.1901478877893885,5.950739438946942,-3.546348568839161e-09,8.865871422097903e-10,4.432935711048951e-09,-4.760591551157554,1.1901478877893885,5.950739438946942,-3.546348568839161e-08,8.865871422097902e-09,4.432935711048951e-08
right,0.132,1.1935767284901297,1.1935767284901297,0.0,-4.7743068751292705,1.1935767187823176,5.967883593911588,-3.883124907293752e-09,9.70781226823438e-10,4.85390613411719e-09,-4.7743068751292705,1.1935767187823176,5.967883593911588,-3.883124907293752e-08,9.70781226823438e-09,4.85390613411719e-08
right,0.134,1.1970233827031698,1.1970233827031698,0.0,-4.7880934883412225,1.1970233720853056,5.985116860426528,-4.24714563486273e-09,1.0617864087156824e-09,5.308932043578412e-09,-4.7880934883412225,1.1970233720853056,5.985116860426528,-4.2471456348627296e-08,1.0617864087156824e-08,5.308932043578412e-08
right,0.136,1.2004879934124797,1.2004879934124797,0.0,-4.801951927247176,1.200487981811794,6.002439909058969,-4.640274126125919e-09,1.1600685315314798e-09,5.800342657657399e-09,-4.801951927247176,1.200487981811794,6.002439909058969,-4.6402741261259195e-08,1.1600685315314799e-08,5.8003426576573994e-08
right,0.138,1.2039706960589958,1.2039706960589958,0.0,-4.815882733591164,1.203970683397791,6.019853416988955,-5.064481700331955e-09,1.2661204250829887e-09,6.3306021254149435e-09,-4.815882733591164,1.203970683397791,6.019853416988955,-5.064481700331955e-08,1.2661204250829887e-08,6.330602125414944e-08
right,0.14,1.2074716274226445,1.2074716274226445,0.0,-4.829886454472046,1.2074716136180115,6.037358068090057,-5.52185302991827e-09,1.3804632574795675e-09,6.9023162873978375e-09,-4.829886454472046,1.2074716136180115,6.037358068090057,-5.52185302991827e-08,1.3804632574795675e-08,6.902316287397838e-08
right,0.14200000000000002,1.2109909256387308,1.2109909256387308,0.0,-4.843963642409005,1.2109909106022512,6.054954553011256,-6.014591794345027e-09,1.5036479485862568e-09,7.518239742931284e-09,-4.843963642409005,1.2109909106022512,6.054954553011256,-6.014591794345028e-08,1.503647948586257e-08,7.518239742931284e-08
right,0.14400000000000002,1.214528730214566,1.214528730214566,0.0,-4.858114855407999,1.2145287138519998,6.0726435692599985,-6.545026589872782e-09,1.6362566474681954e-09,8.181283237340978e-09,-4.858114855407999,1.2145287138519998,6.0726435692599985,-6.545026589872782e-08,1.6362566474681955e-08,8.181283237340978e-08
right,0.146,1.2180851820463383,1.2180851820463383,0.0,-4.872340657029183,1.2180851642572958,6.0904258212864795,-7.115617106369521e-09,1.7789042765923802e-09,8.894521382961902e-09,-4.872340657029183,1.2180851642572958,6.0904258212864795,-7.115617106369521e-08,1.7789042765923803e-08,8.894521382961902e-08
right,0.148,1.2216604234362316,1.2216604234362316,0.0,-4.8866416164553215,1.2216604041138304,6.108302020569152,-7.728960582708524e-09,1.932240145677131e-09,9.661200728385655e-09,-4.8866416164553215,1.2216604041138304,6.108302020569152,-7.728960582708524e-08,1.932240145677131e-08,9.661200728385655e-08
right,0.15,1.2252545981097955,1.2252545981097955,0.0,-4.901018308561195,1.2252545771402987,6.126272885701494,-8.387798552814616e-09,2.096949638203654e-09,1.048474819101827e-08,-4.901018308561195,1.2252545771402987,6.126272885701494,-8.387798552814616e-08,2.096949638203654e-08,1.0484748191018269e-07
right,0.152,1.2288678512335718,1.2288678512335718,0.0,-4.915471313984047,1.2288678284960117,6.144339142480058,-9.095023894934548e-09,2.273755973733637e-09,1.1368779868668185e-08,-4.915471313984047,1.2288678284960117,6.144339142480058,-9.095023894934548e-08,2.273755973733637e-08,1.1368779868668186e-07
right,0.154,1.23250032943298,1.23250032943298,0.0,-4.930001219195038,1.2325003047987595,6.1625015239937975,-9.853688197247416e-09,2.463422049311854e-09,1.231711024655927e-08,-4.930001219195038,1.2325003047987595,6.1625015239937975,-9.853688197247416e-08,2.463422049311854e-08,1.231711024655927e-07
right,0.156,1.2361521808104692,1.2361521808104692,0.0,-4.944608616571781,1.2361521541429452,6.180760770714726,-1.0667009453495218e-08,2.6667523633738045e-09,1.3333761816869022e-08,-4.944608616571781,1.2361521541429452,6.180760770714726,-1.0667009453495218e-07,2.6667523633738045e-08,1.3333761816869023e-07
right,0.158,1.2398235549639396,1.2398235549639396,0.0,-4.959294104471958,1.2398235261179895,6.199117630589948,-1.1538380102902e-08,2.8845950257255e-09,1.44229751286275e-08,-4.959294104471958,1.2398235261179895,6.199117630589948,-1.1538380102902e-07,2.8845950257255e-08,1.44229751286275e-07
right,0.16,1.2435146030054358,1.2435146030054358,0.0,-4.974058287307989,1.2435145718269973,6.217572859134987,-1.2471375429264319e-08,3.1178438573160796e-09,1.5589219286580398e-08,-4.974058287307989,1.2435145718269973,6.217572859134987,-1.2471375429264318e-07,3.1178438573160795e-08,1.5589219286580398e-07
right,0.162,1.2472254775801217,1.2472254775801217,0.0,-4.988901775622863,1.2472254439057158,6.236127219528579,-1.346976233473695e-08,3.3674405836842374e-09,1.6837202918421187e-08,-4.988901775622863,1.2472254439057158,6.236127219528579,-1.346976233473695e-07,3.3674405836842374e-08,1.6837202918421187e-07
right,0.164,1.250956332885537,1.250956332885537,0.0,-5.003825186167065,1.2509562965417662,6.254781482708831,-1.4537508504506599e-08,3.6343771261266497e-09,1.817188563063325e-08,-5.003825186167065,1.2509562965417662,6.254781482708831,-1.45375085045066e-07,3.63437712612665e-08,1.817188563063325e-07
right,0.166,1.254707324691143,1.254707324691143,0.0,-5.018829141976653,1.2547072854941632,6.273536427470816,-1.5678791979244904e-08,3.919697994811226e-09,1.959848997405613e-08,-5.018829141976653,1.2547072854941632,6.273536427470816,-1.5678791979244904e-07,3.919697994811226e-08,1.959848997405613e-07
right,0.168,1.2584786103581624,1.2584786103581624,0.0,-5.03391427245254,1.258478568113135,6.292392840565675,-1.6898011152961108e-08,4.224502788240277e-09,2.1122513941201385e-08,-5.03391427245254,1.258478568113135,6.292392840565675,-1.6898011152961108e-07,4.224502788240277e-08,2.1122513941201386e-07
right,0.17,1.2622703488597162,1.2622703488597162,0.0,-5.049081213440911,1.2622703033602278,6.311351516801139,-1.8199795214635404e-08,4.549948803658851e-09,2.2749744018294257e-08,-5.049081213440911,1.2622703033602278,6.311351516801139,-1.8199795214635406e-07,4.5499488036588514e-08,2.2749744018294257e-07
right,0.17200000000000001,1.2660827008012674,1.2660827008012674,0.0,-5.064330607314919,1.2660826518287298,6.330413259143649,-1.958901505280888e-08,4.89725376320222e-09,2.44862688160111e-08,-5.064330607314919,1.2660826518287298,6.330413259143649,-1.958901505280888e-07,4.89725376320222e-08,2.4486268816011103e-07
right,0.17400000000000002,1.26991582844137,1.26991582844137,0.0,-5.079663103057534,1.2699157757643835,6.349578878821918,-2.107079464313462e-08,5.267698660783655e-09,2.6338493303918276e-08,-5.079663103057534,1.2699157757643835,6.349578878821918,-2.107079464313462e-07,5.267698660783655e-08,2.6338493303918276e-07
right,0.176,1.2737698957127368,1.2737698957127368,0.0,-5.095079356345719,1.2737698390864298,6.36884919543215,-2.265052293976129e-08,5.662630734940322e-09,2.8313153674701612e-08,-5.095079356345719,1.2737698390864298,6.36884919543215,-2.265052293976129e-07,5.6626307349403224e-08,2.831315367470161e-07
right,0.178,1.2776450682436242,1.2776450682436242,0.0,-5.110580029635833,1.2776450074089583,6.3882250370447915,-2.4333866292323714e-08,6.083466573080929e-09,3.041733286540464e-08,-5.110580029635833,1.2776450074089583,6.3882250370447915,-2.4333866292323714e-07,6.083466573080928e-08,3.0417332865404645e-07
right,0.18,1.2815415133795451,1.2815415133795451,0.0,-5.126165792250366,1.2815414480625915,6.407707240312957,-2.6126781411259268e-08,6.531695352814817e-09,3.2658476764074084e-08,-5.126165792250366,1.2815414480625915,6.407707240312957,-2.6126781411259267e-07,6.531695352814817e-08,3.265847676407408e-07
right,0.182,1.2854594002053115,1.2854594002053115,0.0,-5.1418373204659575,1.2854593301164894,6.427296650582447,-2.803552890515469e-08,7.008882226288672e-09,3.504441113144336e-08,-5.1418373204659575,1.2854593301164894,6.427296650582447,-2.803552890515469e-07,7.008882226288672e-08,3.504441113144336e-07
right,0.184,1.289398899567416,1.289398899567416,0.0,-5.1575952976027875,1.2893988244006969,6.446994122003485,-3.006668741485696e-08,7.51667185371424e-09,3.75833592685712e-08,-5.1575952976027875,1.2893988244006969,6.446994122003485,-3.006668741485696e-07,7.51667185371424e-08,3.7583359268571203e-07
right,0.186,1.2933601840967575,1.2933601840967575,0.0,-5.173440414115346,1.2933601035288365,6.466800517644183,-3.2227168370156953e-08,8.056792092539238e-09,4.0283960462696193e-08,-5.173440414115346,1.2933601035288365,6.466800517644183,-3.2227168370156955e-07,8.056792092539239e-08,4.0283960462696195e-07
right,0.188,1.2973434282317138,1.2973434282317138,0.0,-5.189373367684542,1.2973433419211355,6.486716709605678,-3.452423139597655e-08,8.631057848994138e-09,4.3155289244970684e-08,-5.189373367684542,1.2973433419211355,6.486716709605678,-3.452423139597655e-07,8.631057848994137e-08,4.3155289244970687e-07
right,0.19,1.3013488082415732,1.3013488082415732,0.0,-5.205394863311288,1.301348715827822,6.50674357913911,-3.6965500396163485e-08,9.241375099040871e-09,4.6206875495204354e-08,-5.205394863311288,1.301348715827822,6.50674357913911,-3.6965500396163483e-07,9.241375099040871e-08,4.6206875495204353e-07
right,0.192,1.3053765022503268,1.3053765022503268,0.0,-5.221505613411505,1.3053764033528763,6.5268820167643815,-3.9558980344221515e-08,9.889745086055379e-09,4.944872543027689e-08,-5.221505613411505,1.3053764033528763,6.5268820167643815,-3.9558980344221513e-07,9.889745086055378e-08,4.944872543027689e-07
right,0.194,1.3094266902608291,1.3094266902608291,0.0,-5.2377063379125675,1.3094265844781419,6.547132922390709,-4.231307481158316e-08,1.057826870289579e-08,5.289134351447895e-08,-5.2377063379125675,1.3094265844781419,6.547132922390709,-4.231307481158316e-07,1.057826870289579e-07,5.289134351447895e-07
right,0.196,1.3134995541793364,1.3134995541793364,0.0,-5.2539977643513005,1.3134994410878251,6.567497205439126,-4.523660426536888e-08,1.130915106634222e-08,5.65457553317111e-08,-5.2539977643513005,1.3134994410878251,6.567497205439126,-4.523660426536888e-07,1.130915106634222e-07,5.65457553317111e-07
right,0.198,1.3175952778404245,1.3175952778404245,0.0,-5.270380627973447,1.3175951569933617,6.587975784966808,-4.833882516897105e-08,1.2084706292242762e-08,6.042353146121381e-08,-5.270380627973447,1.3175951569933617,6.587975784966808,-4.833882516897105e-07,1.2084706292242762e-07,6.042353146121381e-07
right,0.2,1.321714047032297,1.321714047032297,0.0,-5.286855671834691,1.3217139179586728,6.608569589793364,-5.162944992026066e-08,1.2907362480065165e-08,6.453681240032582e-08,-5.286855671834691,1.3217139179586728,6.608569589793364,-5.162944992026066e-07,1.2907362480065164e-07,6.453681240032582e-07
right,0.202,1.3258560495224903,1.3258560495224903,0.0,-5.303423646903283,1.3258559117258208,6.629279558629104,-5.511866766373772e-08,1.377966691593443e-08,6.889833457967215e-08,-5.303423646903283,1.3258559117258208,6.629279558629104,-5.511866766373772e-07,1.377966691593443e-07,6.889833457967215e-07
right,0.20400000000000001,1.3300214750839816,1.3300214750839816,0.0,-5.3200853121642675,1.3300213280410669,6.650106640205334,-5.881716601453781e-08,1.4704291503634452e-08,7.352145751817226e-08,-5.3200853121642675,1.3300213280410669,6.650106640205334,-5.881716601453781e-07,1.4704291503634453e-07,7.352145751817227e-07
right,0.20600000000000002,1.3342105155217066,1.3342105155217066,0.0,-5.33684143472529,1.3342103586813225,6.671051793406613,-6.273615373387043e-08,1.5684038433467607e-08,7.842019216733803e-08,-5.33684143472529,1.3342103586813225,6.671051793406613,-6.273615373387043e-07,1.5684038433467607e-07,7.842019216733803e-07
right,0.20800000000000002,1.3384233646994965,1.3384233646994965,0.0,-5.35369278992414,1.338423197481035,6.692115987405175,-6.688738439720423e-08,1.6721846099301057e-08,8.360923049650528e-08,-5.35369278992414,1.338423197481035,6.692115987405175,-6.688738439720422e-07,1.6721846099301056e-07,8.360923049650528e-07
right,0.21,1.3426602185674423,1.3426602185674423,0.0,-5.370640161437958,1.3426600403594895,6.7133002017974475,-7.128318109832904e-08,1.782079527458226e-08,8.910397637291129e-08,-5.370640161437958,1.3426600403594895,6.7133002017974475,-7.128318109832903e-07,1.7820795274582258e-07,8.910397637291129e-07
right,0.212,1.346921275189689,1.346921275189689,0.0,-5.3876843413941335,1.3469210853485334,6.734605426742667,-7.593646223432274e-08,1.8984115558580685e-08,9.492057779290342e-08,-5.3876843413941335,1.3469210853485334,6.734605426742667,-7.593646223432274e-07,1.8984115558580684e-07,9.492057779290343e-07
right,0.214,1.3512067347726757,1.3512067347726757,0.0,-5.404826130483019,1.3512065326207547,6.756032663103774,-8.086076841843717e-08,2.021519210460929e-08,1.0107596052304646e-07,-5.404826130483019,1.3512065326207547,6.756032663103774,-8.086076841843717e-07,2.021519210460929e-07,1.0107596052304646e-06
right,0.216,1.3555167996938229,1.3555167996938229,0.0,-5.422066338072384,1.355516584518096,6.77758292259048,-8.607029056998812e-08,2.151757264249703e-08,1.0758786321248515e-07,-5.422066338072384,1.355516584518096,6.77758292259048,-8.607029056998812e-07,2.151757264249703e-07,1.0758786321248515e-06
right,0.218,1.3598516745306797,1.3598516745306797,0.0,-5.439405782323728,1.359851445580932,6.79925722790466,-9.157989923250458e-08,2.2894974808126146e-08,1.1447487404063073e-07,-5.439405782323728,1.359851445580932,6.79925722790466,-9.157989923250459e-07,2.2894974808126146e-07,1.1447487404063073e-06
right,0.22,1.3642115660905356,1.3642115660905356,0.0,-5.4568452903103895,1.3642113225775974,6.821056612887987,-9.740517517365583e-08,2.4351293793413957e-08,1.217564689670698e-07,-5.4568452903103895,1.3642113225775974,6.821056612887987,-9.740517517365584e-07,2.435129379341396e-07,1.217564689670698e-06
right,0.222,1.3685966834405114,1.3685966834405114,0.0,-5.474385698137634,1.3685964245344084,6.842982122672042,-1.0356244132284764e-07,2.589061033071191e-08,1.2945305165355955e-07,-5.474385698137634,1.3685964245344084,6.842982122672042,-1.0356244132284764e-06,2.589061033071191e-07,1.2945305165355955e-06
right,0.224,1.3730072379381293,1.3730072379381293,0.0,-5.492027851064554,1.3730069627661385,6.865034813830693,-1.1006879610484983e-07,2.7517199026212458e-08,1.375859951310623e-07,-5.492027851064554,1.3730069627661385,6.865034813830693,-1.1006879610484983e-06,2.751719902621246e-07,1.375859951310623e-06
right,0.226,1.3774434432623814,1.3774434432623814,0.0,-5.5097726036280426,1.3774431509070106,6.887215754535053,-1.169421482304144e-07,2.92355370576036e-08,1.46177685288018e-07,-5.5097726036280426,1.3774431509070106,6.887215754535053,-1.169421482304144e-06,2.92355370576036e-07,1.4617768528801801e-06
right,0.228,1.3819055154452973,1.3819055154452973,0.0,-5.52762081976866,1.381905204942165,6.909526024710825,-1.2420125300754307e-07,3.105031325188577e-08,1.5525156625942883e-07,-5.52762081976866,1.381905204942165,6.909526024710825,-1.2420125300754307e-06,3.1050313251885767e-07,1.5525156625942883e-06
right,0.23,1.386393672904025,1.386393672904025,0.0,-5.545573372958599,1.3863933432396498,6.931966716198249,-1.3186575023990166e-07,3.2966437559975416e-08,1.6483218779987708e-07,-5.545573372958599,1.3863933432396498,6.931966716198249,-1.3186575023990166e-06,3.2966437559975416e-07,1.6483218779987709e-06
right,0.232,1.3909081364734333,1.3909081364734333,0.0,-5.563631146331694,1.3909077865829236,6.954538932914618,-1.399562037818351e-07,3.498905094545878e-08,1.7494525472729389e-07,-5.563631146331694,1.3909077865829236,6.954538932914618,-1.399562037818351e-06,3.4989050945458777e-07,1.7494525472729389e-06
right,0.234,1.3954491294392468,1.3954491294392468,0.0,-5.581795032815559,1.3954487582038897,6.977243791019449,-1.484941428225366e-07,3.712353570563415e-08,1.8561767852817074e-07,-5.581795032815559,1.3954487582038897,6.977243791019449,-1.484941428225366e-06,3.712353570563415e-07,1.8561767852817074e-06
right,0.23600000000000002,1.4000168775717203,1.4000168775717203,0.0,-5.600065935265832,1.400016483816458,7.00008241908229,-1.575021049751606e-07,3.937552624379015e-08,1.9687763121895075e-07,-5.600065935265832,1.400016483816458,7.00008241908229,-1.575021049751606e-06,3.937552624379015e-07,1.9687763121895077e-06
right,0.23800000000000002,1.4046116091598664,1.4046116091598664,0.0,-5.618444766602653,1.4046111916506632,7.023055958253316,-1.6700368125006156e-07,4.175092031251539e-08,2.0875460156257694e-07,-5.618444766602653,1.4046111916506632,7.023055958253316,-1.6700368125006156e-06,4.175092031251539e-07,2.0875460156257694e-06
right,0.24,1.409233555046246,1.409233555046246,0.0,-5.636932449949356,1.409233112487339,7.046165562436695,-1.77023562994881e-07,4.425589074872025e-08,2.2127945374360123e-07,-5.636932449949356,1.409233112487339,7.046165562436695,-1.7702356299488099e-06,4.4255890748720246e-07,2.212794537436012e-06
right,0.242,1.41388294866233,1.41388294866233,0.0,-5.655529918773411,1.4138824796933527,7.069412398466763,-1.8758759088791395e-07,4.689689772197849e-08,2.3448448860989244e-07,-5.655529918773411,1.4138824796933527,7.069412398466763,-1.8758759088791395e-06,4.6896897721978487e-07,2.3448448860989245e-06
right,0.244,1.4185600260644484,1.4185600260644484,0.0,-5.6742381170297325,1.4185595292574331,7.092797646287165,-1.98722806075068e-07,4.9680701518767e-08,2.48403507593835e-07,-5.6742381170297325,1.4185595292574331,7.092797646287165,-1.98722806075068e-06,4.9680701518767e-07,2.48403507593835e-06
right,0.246,1.4232650259703299,1.4232650259703299,0.0,-5.6930579993062835,1.4232644998265709,7.116322499132854,-2.1045750354478114e-07,5.2614375886195285e-08,2.630718794309764e-07,-5.6930579993062835,1.4232644998265709,7.116322499132854,-2.1045750354478114e-06,5.261437588619528e-07,2.6307187943097645e-06
right,0.248,1.4279981897962526,1.4279981897962526,0.0,-5.711990530972131,1.4279976327430328,7.139988163715164,-2.228212878395192e-07,5.57053219598798e-08,2.78526609799399e-07,-5.711990530972131,1.4279976327430328,7.139988163715164,-2.228212878395192e-06,5.57053219598798e-07,2.78526609799399e-06
right,0.25,1.432759761694811,1.432759761694811,0.0,-5.73103668832793,1.4327591720819826,7.163795860409913,-2.3584513120691072e-07,5.896128280172768e-08,2.948064140086384e-07,-5.73103668832793,1.4327591720819826,7.163795860409913,-2.3584513120691072e-06,5.896128280172768e-07,2.948064140086384e-06
right,0.252,1.4375499885933134,1.4375499885933134,0.0,-5.750197458758909,1.4375493646897273,7.187746823448636,-2.4956143429823414e-07,6.239035857455853e-08,3.119517928727927e-07,-5.750197458758909,1.4375493646897273,7.187746823448636,-2.4956143429823414e-06,6.239035857455853e-07,3.1195179287279267e-06
right,0.254,1.4423691202328228,1.4423691202328228,0.0,-5.769473840890395,1.4423684602225988,7.211842301112994,-2.640040895268359e-07,6.600102238170898e-08,3.300051119085449e-07,-5.769473840890395,1.4423684602225988,7.211842301112994,-2.640040895268359e-06,6.600102238170898e-07,3.300051119085449e-06
right,0.256,1.4472174092078518,1.4472174092078518,0.0,-5.788866844745936,1.447216711186484,7.23608355593242,-2.7920854720415706e-07,6.980213680103927e-08,3.490106840051963e-07,-5.788866844745936,1.447216711186484,7.23608355593242,-2.7920854720415704e-06,6.980213680103926e-07,3.490106840051963e-06
right,0.258,1.4520951110067255,1.4520951110067255,0.0,-5.808377491908057,1.4520943729770142,7.260471864885071,-2.9521188457637735e-07,7.380297114409434e-08,3.690148557204717e-07,-5.808377491908057,1.4520943729770142,7.260471864885071,-2.9521188457637736e-06,7.380297114409434e-07,3.690148557204717e-06
right,0.26,1.4570024840526268,1.4570024840526268,0.0,-5.8280068156817295,1.4570017039204324,7.285008519602162,-3.1205287789027054e-07,7.801321947256763e-08,3.900660973628382e-07,-5.8280068156817295,1.4570017039204324,7.285008519602162,-3.1205287789027055e-06,7.801321947256764e-07,3.900660973628382e-06
right,0.262,1.461939789745333,1.461939789745333,0.0,-5.847755861260556,1.461938965315139,7.3096948265756945,-3.297720776227095e-07,8.244301940567737e-08,4.1221509702838685e-07,-5.847755861260556,1.461938965315139,7.3096948265756945,-3.297720776227095e-06,8.244301940567737e-07,4.122150970283869e-06
right,0.264,1.466907292503664,1.466907292503664,0.0,-5.867625685895786,1.4669064214739465,7.334532107369732,-3.4841188701438357e-07,8.710297175359589e-08,4.355148587679795e-07,-5.867625685895786,1.4669064214739465,7.334532107369732,-3.484118870143836e-06,8.71029717535959e-07,4.355148587679795e-06
right,0.266,1.471905259808648,1.471905259808648,0.0,-5.88761735906815,1.4719043397670375,7.359521698835188,-3.6801664405469375e-07,9.200416101367344e-08,4.6002080506836717e-07,-5.88761735906815,1.4719043397670375,7.359521698835188,-3.6801664405469374e-06,9.200416101367343e-07,4.600208050683671e-06
right,0.268,1.4769339622474273,1.4769339622474273,0.0,-5.907731962662639,1.4769329906656596,7.384664953328298,-3.88632707071511e-07,9.715817676787775e-08,4.857908838393887e-07,-5.907731962662639,1.4769329906656596,7.384664953328298,-3.88632707071511e-06,9.715817676787774e-07,4.857908838393887e-06
right,0.27,1.481993673557912,1.481993673557912,0.0,-5.927970591146209,1.4819926477865522,7.409963238932761,-4.1030854408650423e-07,1.0257713602162606e-07,5.128856801081302e-07,-5.927970591146209,1.4819926477865522,7.409963238932761,-4.103085440865042e-06,1.0257713602162605e-06,5.128856801081302e-06
right,0.272,1.4870846706741996,1.4870846706741996,0.0,-5.948334351748536,1.487083587937134,7.43541793968567,-4.3309482610411126e-07,1.0827370652602782e-07,5.41368532630139e-07,-5.948334351748536,1.487083587937134,7.43541793968567,-4.330948261041112e-06,1.082737065260278e-06,5.41368532630139e-06
right,0.274,1.4922072337727772,1.4922072337727772,0.0,-5.968824364645863,1.4922060911614659,7.461030455807329,-4.570445245099381e-07,1.1426113112748453e-07,5.713056556374226e-07,-5.968824364645863,1.4922060911614659,7.461030455807329,-4.570445245099381e-06,1.1426113112748452e-06,5.713056556374226e-06
right,0.276,1.4973616463195172,1.4973616463195172,0.0,-5.9894417631479415,1.4973604407869854,7.486802203934927,-4.822130127624427e-07,1.2055325319061068e-07,6.027662659530534e-07,-5.9894417631479415,1.4973604407869854,7.486802203934927,-4.822130127624427e-06,1.2055325319061068e-06,6.027662659530534e-06
right,0.278,1.502548195117487,1.502548195117487,0.0,-6.0101876938882235,1.5025469234720559,7.512734617360279,-5.086581725702328e-07,1.271645431425582e-07,6.358227157127911e-07,-6.0101876938882235,1.5025469234720559,7.512734617360279,-5.086581725702329e-06,1.2716454314255822e-06,6.358227157127911e-06
right,0.28,1.5077671703555875,1.5077671703555875,0.0,-6.031063317017302,1.5077658292543255,7.5388291462716275,-5.364405047561658e-07,1.3411012618904146e-07,6.705506309452073e-07,-6.031063317017302,1.5077658292543255,7.5388291462716275,-5.364405047561658e-06,1.3411012618904146e-06,6.705506309452073e-06
right,0.28200000000000003,1.5130188656580357,1.5130188656580357,0.0,-6.052069806399694,1.5130174515999235,7.565087257999617,-5.656232450187334e-07,1.4140581125468334e-07,7.070290562734167e-07,-6.052069806399694,1.5130174515999235,7.565087257999617,-5.656232450187334e-06,1.4140581125468335e-06,7.070290562734168e-06
right,0.28400000000000003,1.5183035781347094,1.5183035781347094,0.0,-6.07320834981399,1.5183020874534976,7.5915104372674875,-5.962724848109434e-07,1.4906812120273584e-07,7.453406060136792e-07,-6.07320834981399,1.5183020874534976,7.5915104372674875,-5.962724848109433e-06,1.4906812120273583e-06,7.453406060136792e-06
right,0.28600000000000003,1.5236216084323735,1.5236216084323735,0.0,-6.094480149156518,1.5236200372891295,7.6181001864456475,-6.284572975671279e-07,1.5711432439178198e-07,7.855716219589099e-07,-6.094480149156518,1.5236200372891295,7.6181001864456475,-6.284572975671279e-06,1.5711432439178198e-06,7.8557162195891e-06
right,0.28800000000000003,1.5289732607868014,1.5289732607868014,0.0,-6.115886420648501,1.5289716051621252,7.644858025810626,-6.622498705187812e-07,1.655624676296953e-07,8.278123381484764e-07,-6.115886420648501,1.5289716051621252,7.644858025810626,-6.622498705187811e-06,1.6556246762969528e-06,8.278123381484765e-06
right,0.29,1.5343588430758137,1.5343588430758137,0.0,-6.13742839504683,1.5343570987617074,7.671785493808537,-6.977256423517543e-07,1.7443141058793858e-07,8.721570529396929e-07,-6.13742839504683,1.5343570987617074,7.671785493808537,-6.977256423517543e-06,1.7443141058793858e-06,8.72157052939693e-06
right,0.292,1.5397786668732514,1.5397786668732514,0.0,-6.159107317858536,1.539776829464634,7.698884147323169,-7.349634469688854e-07,1.8374086174222136e-07,9.187043087111068e-07,-6.159107317858536,1.539776829464634,7.698884147323169,-7.349634469688854e-06,1.8374086174222135e-06,9.187043087111067e-06
right,0.294,1.545233047503901,1.545233047503901,0.0,-6.180924449558965,1.5452311123897413,7.726155561948707,-7.740456636344349e-07,1.9351141590860874e-07,9.675570795430437e-07,-6.180924449558965,1.5452311123897413,7.726155561948707,-7.74045663634435e-06,1.9351141590860875e-06,9.675570795430437e-06
right,0.296,1.550722304099395,1.550722304099395,0.0,-6.202881065813841,1.5507202664534603,7.753601332267301,-8.15058373789662e-07,2.037645934474155e-07,1.0188229672370776e-06,-6.202881065813841,1.5507202664534603,7.753601332267301,-8.150583737896621e-06,2.0376459344741552e-06,1.0188229672370777e-05
right,0.298,1.556246759655104,1.556246759655104,0.0,-6.224978457705168,1.556244614426292,7.781223072131461,-8.580915248423622e-07,2.1452288121059056e-07,1.0726144060529528e-06,-6.224978457705168,1.556244614426292,7.781223072131461,-8.580915248423622e-06,2.1452288121059055e-06,1.0726144060529528e-05
right,0.3,1.5618067410880423,1.5618067410880423,0.0,-6.247217931961155,1.5618044829902888,7.8090224149514444,-9.032391012474332e-07,2.258097753118583e-07,1.1290488765592916e-06,-6.247217931961155,1.5618044829902888,7.8090224149514444,-9.032391012474333e-06,2.258097753118583e-06,1.1290488765592915e-05
right,0.302,1.5674025792958095,1.5674025792958095,0.0,-6.269600811190206,1.5674002027975515,7.8370010139877575,-9.505993032104097e-07,2.3764982580260243e-07,1.1882491290130123e-06,-6.269600811190206,1.5674002027975515,7.8370010139877575,-9.505993032104098e-06,2.3764982580260245e-06,1.1882491290130122e-05
right,0.304,1.5730346092165857,1.5730346092165857,0.0,-6.292128434119007,1.5730321085297518,7.865160542648759,-1.0002747333615218e-06,2.5006868334038046e-07,1.2503434167019024e-06,-6.292128434119007,1.5730321085297518,7.865160542648759,-1.0002747333615219e-05,2.5006868334038048e-06,1.2503434167019023e-05
right,0.306,1.5787031698902072,1.5787031698902072,0.0,-6.3148021558349114,1.5787005389587279,7.893502694793639,-1.0523725917642495e-06,2.630931479410624e-07,1.315465739705312e-06,-6.3148021558349114,1.5787005389587279,7.893502694793639,-1.0523725917642495e-05,2.630931479410624e-06,1.3154657397053118e-05
right,0.308,1.5844086045203405,1.5844086045203405,0.0,-6.337623348032567,1.5844058370081417,7.922029185040708,-1.107004879639491e-06,2.7675121990987275e-07,1.3837560995493638e-06,-6.337623348032567,1.5844058370081417,7.922029185040708,-1.107004879639491e-05,2.7675121990987277e-06,1.3837560995493638e-05
right,0.31,1.5901512605377806,1.5901512605377806,0.0,-6.360593399265001,1.5901483498162503,7.950741749081251,-1.1642886122045438e-06,2.9107215305113596e-07,1.4553607652556798e-06,-6.360593399265001,1.5901483498162503,7.950741749081251,-1.1642886122045438e-05,2.9107215305113596e-06,1.4553607652556798e-05
right,0.312,1.5959314896648962,1.5959314896648962,0.0,-6.383713715199173,1.5959284287997932,7.979642143998966,-1.2243460410449858e-06,3.0608651026124646e-07,1.5304325513062323e-06,-6.383713715199173,1.5959284287997932,7.979642143998966,-1.2243460410449858e-05,3.0608651026124646e-06,1.5304325513062324e-05
right,0.314,1.6017496479812465,1.6017496479812465,0.0,-6.406985718876124,1.601746429719031,8.008732148595154,-1.287304886457422e-06,3.218262216143555e-07,1.6091311080717775e-06,-6.406985718876124,1.601746429719031,8.008732148595154,-1.287304886457422e-05,3.218262216143555e-06,1.6091311080717774e-05
right,0.316,1.6076060959903915,1.6076060959903915,0.0,-6.430410850975765,1.6076027127439412,8.038013563719705,-1.353298580221892e-06,3.38324645055473e-07,1.691623225277365e-06,-6.430410850975765,1.6076027127439412,8.038013563719705,-1.353298580221892e-05,3.38324645055473e-06,1.6916232252773652e-05
right,0.318,1.6135011986879262,1.6135011986879262,0.0,-6.4539905700865114,1.6134976425216279,8.06748821260814,-1.4224665192846201e-06,3.5561662982115504e-07,1.778083149105775e-06,-6.4539905700865114,1.6134976425216279,8.06748821260814,-1.42246651928462e-05,3.55616629821155e-06,1.778083149105775e-05
right,0.32,1.6194353256307594,1.6194353256307594,0.0,-6.477726352979729,1.6194315882449322,8.09715794122466,-1.4949543308547261e-06,3.7373858271368153e-07,1.8686929135684076e-06,-6.477726352979729,1.6194315882449322,8.09715794122466,-1.4949543308547261e-05,3.7373858271368152e-06,1.8686929135684075e-05
right,0.322,1.6254088510076674,1.6254088510076674,0.0,-6.501619694889177,1.6254049237222943,8.127024618611472,-1.5709141494426516e-06,3.927285373606629e-07,1.9636426868033144e-06,-6.501619694889177,1.6254049237222943,8.127024618611472,-1.5709141494426515e-05,3.927285373606629e-06,1.9636426868033142e-05
right,0.324,1.6314221537111462,1.6314221537111462,0.0,-6.525672109795522,1.6314180274488805,8.157090137244403,-1.65050490639332e-06,4.1262622659833e-07,2.06313113299165e-06,-6.525672109795522,1.6314180274488805,8.157090137244403,-1.65050490639332e-05,4.1262622659833e-06,2.0631311329916497e-05
right,0.326,1.6374756174105947,1.6374756174105947,0.0,-6.549885130716054,1.6374712826790134,8.187356413395067,-1.7338926324936737e-06,4.334731581234184e-07,2.167365790617092e-06,-6.549885130716054,1.6374712826790134,8.187356413395067,-1.7338926324936735e-05,4.334731581234184e-06,2.167365790617092e-05
right,0.328,1.6435696306268524,1.6435696306268524,0.0,-6.5742603099996675,1.6435650774999169,8.217825387499584,-1.8212507742620705e-06,4.553126935655176e-07,2.276563467827588e-06,-6.5742603099996675,1.6435650774999169,8.217825387499584,-1.8212507742620705e-05,4.553126935655176e-06,2.276563467827588e-05
right,0.33,1.6497045868081233,1.6497045868081233,0.0,-6.598799219627246,1.6496998049068115,8.248499024534057,-1.9127605245563796e-06,4.781901311390949e-07,2.3909506556954745e-06,-6.598799219627246,1.6496998049068115,8.248499024534057,-1.9127605245563796e-05,4.781901311390949e-06,2.3909506556954746e-05
right,0.332,1.6558808844073174,1.6558808844073174,0.0,-6.623503451517588,1.655875862879397,8.279379314396985,-2.0086111681683736e-06,5.021527920420934e-07,2.510763960210467e-06,-6.623503451517588,1.655875862879397,8.279379314396985,-2.0086111681683734e-05,5.021527920420934e-06,2.5107639602104666e-05
right,0.334,1.6620989269608357,1.6620989269608357,0.0,-6.648374617838913,1.6620936544597282,8.31046827229864,-2.1090004431043253e-06,5.272501107760813e-07,2.6362505538804066e-06,-6.648374617838913,1.6620936544597282,8.31046827229864,-2.1090004431043253e-05,5.272501107760813e-06,2.6362505538804065e-05
right,0.336,1.6683591231688353,1.6683591231688353,0.0,-6.673414351326158,1.6683535878315394,8.341767939157696,-2.2141349182857296e-06,5.535337295714324e-07,2.767668647857162e-06,-6.673414351326158,1.6683535878315394,8.341767939157696,-2.2141349182857295e-05,5.535337295714324e-06,2.7676686478571617e-05
right,0.338,1.6746618869770031,1.6746618869770031,0.0,-6.6986243056041275,1.6746560764010319,8.37328038200516,-2.324230388439711e-06,5.810575971099278e-07,2.9052879855496387e-06,-6.6986243056041275,1.6746560764010319,8.37328038200516,-2.324230388439711e-05,5.8105759710992774e-06,2.905287985549639e-05
right,0.34,1.6810076376598733,1.6810076376598733,0.0,-6.724006155516624,1.681001538879156,8.40500769439578,-2.439512286986201e-06,6.098780717465502e-07,3.049390358732751e-06,-6.724006155516624,1.681001538879156,8.40500769439578,-2.439512286986201e-05,6.098780717465502e-06,3.0493903587327514e-05
right,0.342,1.6873967999057196,1.6873967999057196,0.0,-6.749561597461702,1.6873903993654256,8.436951996827128,-2.5602161177683643e-06,6.400540294420911e-07,3.2002701472104554e-06,-6.749561597461702,1.6873903993654256,8.436951996827128,-2.5602161177683643e-05,6.400540294420911e-06,3.2002701472104554e-05
right,0.34400000000000003,1.6938298039030604,1.6938298039030604,0.0,-6.775292349733177,1.6938230874332942,8.46911543716647,-2.68658790651419e-06,6.716469766285475e-07,3.3582348831427372e-06,-6.775292349733177,1.6938230874332942,8.46911543716647,-2.6865879065141898e-05,6.7164697662854745e-06,3.358234883142737e-05
right,0.34600000000000003,1.7003070854288096,1.7003070854288096,0.0,-6.801200152868509,1.7003000382171272,8.501500191085636,-2.8188846729606735e-06,7.047211682401684e-07,3.523605841200842e-06,-6.801200152868509,1.7003000382171272,8.501500191085636,-2.8188846729606736e-05,7.047211682401684e-06,3.523605841200842e-05
right,0.34800000000000003,1.7068290859381103,1.7068290859381103,0.0,-6.827286770003195,1.7068216925007988,8.534108462503994,-2.957374924617792e-06,7.39343731154448e-07,3.69671865577224e-06,-6.827286770003195,1.7068216925007988,8.534108462503994,-2.957374924617792e-05,7.39343731154448e-06,3.69671865577224e-05
right,0.35000000000000003,1.713396252655888,1.713396252655888,0.0,-6.853553987231819,1.7133884968079547,8.566942484039773,-3.1023391731975912e-06,7.755847932993978e-07,3.877923966496989e-06,-6.853553987231819,1.7133884968079547,8.566942484039773,-3.102339173197591e-05,7.755847932993977e-06,3.8779239664969886e-05
right,0.352,1.7200090386701623,1.7200090386701623,0.0,-6.880003613975901,1.7200009034939752,8.600004517469875,-3.2540704747843073e-06,8.135176186960768e-07,4.067588093480384e-06,-6.880003613975901,1.7200009034939752,8.600004517469875,-3.2540704747843074e-05,8.135176186960769e-06,4.067588093480384e-05
right,0.354,1.726667903027158,1.726667903027158,0.0,-6.906637483358684,1.726659370839671,8.633296854198354,-3.4128749948746523e-06,8.532187487186631e-07,4.266093743593316e-06,-6.906637483358684,1.726659370839671,8.633296854198354,-3.4128749948746525e-05,8.532187487186631e-06,4.2660937435933155e-05
right,0.356,1.7333733108282476,1.7333733108282476,0.0,-6.933457452586994,1.7333643631467486,8.666821815733742,-3.5790725994732623e-06,8.947681498683156e-07,4.473840749341578e-06,-6.933457452586994,1.7333643631467486,8.666821815733742,-3.579072599473262e-05,8.947681498683155e-06,4.473840749341578e-05
right,0.358,1.7401257333287805,1.7401257333287805,0.0,-6.960465403340388,1.740116350835097,8.700581754175484,-3.752997473487381e-06,9.382493683718453e-07,4.691246841859226e-06,-6.960465403340388,1.740116350835097,8.700581754175484,-3.752997473487381e-05,9.382493683718452e-06,4.691246841859226e-05
right,0.36,1.7469256480388249,1.7469256480388249,0.0,-6.987663242167623,1.7469158105419058,8.73457905270953,-3.934998767726478e-06,9.837496919316195e-07,4.918748459658098e-06,-6.987663242167623,1.7469158105419058,8.73457905270953,-3.934998767726478e-05,9.837496919316195e-06,4.918748459658098e-05
right,0.362,1.753773538825879,1.753773538825879,0.0,-7.015052900890756,1.753763225222689,8.768816126113444,-4.125441275877915e-06,1.0313603189694788e-06,5.156801594847394e-06,-7.015052900890756,1.753763225222689,8.768816126113444,-4.125441275877915e-05,1.0313603189694788e-05,5.156801594847394e-05
right,0.364,1.7606698960195886,1.7606698960195886,0.0,-7.042636337016925,1.7606590842542313,8.803295421271157,-4.324706142898137e-06,1.0811765357245342e-06,5.405882678622671e-06,-7.042636337016925,1.7606590842542313,8.803295421271157,-4.324706142898137e-05,1.0811765357245342e-05,5.405882678622671e-05
right,0.366,1.7676152165185166,1.7676152165185166,0.0,-7.070415534158005,1.7676038835395012,8.838019417697506,-4.533191606331054e-06,1.1332979015827635e-06,5.666489507913817e-06,-7.070415534158005,1.7676038835395012,8.838019417697506,-4.533191606331054e-05,1.1332979015827635e-05,5.666489507913817e-05
right,0.368,1.774610003899015,1.774610003899015,0.0,-7.098392502458337,1.7745981256145842,8.872990628072921,-4.7513137721412505e-06,1.1878284430353126e-06,5.939142215176563e-06,-7.098392502458337,1.7745981256145842,8.872990628072921,-4.7513137721412505e-05,1.1878284430353126e-05,5.939142215176563e-05
right,0.37,1.781654768526245,1.781654768526245,0.0,-7.126569279030715,1.7816423197576787,8.908211598788395,-4.979507426729518e-06,1.2448768566823795e-06,6.224384283411898e-06,-7.126569279030715,1.7816423197576787,8.908211598788395,-4.979507426729518e-05,1.2448768566823795e-05,6.224384283411898e-05
right,0.372,1.7887500276673909,1.7887500276673909,0.0,-7.154947928400694,1.7887369821001735,8.943684910500867,-5.21822688688226e-06,1.304556721720565e-06,6.522783608602825e-06,-7.154947928400694,1.7887369821001735,8.943684910500867,-5.21822688688226e-05,1.304556721720565e-05,6.522783608602826e-05
right,0.374,1.7958963056071264,1.7958963056071264,0.0,-7.183530542959611,1.7958826357399027,8.979413178699513,-5.4679468894951305e-06,1.3669867223737826e-06,6.834933611868913e-06,-7.183530542959611,1.7958826357399027,8.979413178699513,-5.4679468894951305e-05,1.3669867223737826e-05,6.834933611868913e-05
right,0.376,1.803094133765375,1.803094133765375,0.0,-7.212319243426269,1.8030798108565673,9.015399054282836,-5.729163523004207e-06,1.4322908807510518e-06,7.161454403755259e-06,-7.212319243426269,1.8030798108565673,9.015399054282836,-5.7291635230042074e-05,1.4322908807510519e-05,7.161454403755259e-05
right,0.378,1.8103440508174256,1.8103440508174256,0.0,-7.2413161793176775,1.8103290448294194,9.051645224147096,-6.002395202556535e-06,1.5005988006391338e-06,7.502994003195668e-06,-7.2413161793176775,1.8103290448294194,9.051645224147096,-6.002395202556535e-05,1.5005988006391337e-05,7.502994003195668e-05
right,0.38,1.8176466028164524,1.8176466028164524,0.0,-7.270523529428898,1.8176308823572245,9.088154411786123,-6.2881836910550965e-06,1.5720459227637741e-06,7.86022961381887e-06,-7.270523529428898,1.8176308823572245,9.088154411786123,-6.288183691055096e-05,1.572045922763774e-05,7.86022961381887e-05
right,0.382,1.825002343318499,1.825002343318499,0.0,-7.299943502322313,1.8249858755805783,9.124929377902891,-6.58709516832241e-06,1.6467737920806025e-06,8.233868960403012e-06,-7.299943502322313,1.8249858755805783,9.124929377902891,-6.587095168322409e-05,1.6467737920806023e-05,8.233868960403011e-05
right,0.384,1.8324118335099786,1.8324118335099786,0.0,-7.329578336826408,1.832394584206602,9.16197292103301,-6.899721350741636e-06,1.724930337685409e-06,8.624651688427044e-06,-7.329578336826408,1.832394584206602,9.16197292103301,-6.899721350741635e-05,1.724930337685409e-05,8.624651688427044e-05
right,0.386,1.839875642337755,1.839875642337755,0.0,-7.359430302544382,1.8398575756360955,9.199287878180478,-7.2266806638551565e-06,1.8066701659637891e-06,9.033350829818946e-06,-7.359430302544382,1.8398575756360955,9.199287878180478,-7.226680663855157e-05,1.8066701659637892e-05,9.033350829818946e-05
right,0.388,1.84739434664186,1.84739434664186,0.0,-7.389501700372734,1.8473754250931835,9.236877125465918,-7.56861947052802e-06,1.892154867632005e-06,9.460774338160025e-06,-7.389501700372734,1.8473754250931835,9.236877125465918,-7.56861947052802e-05,1.892154867632005e-05,9.460774338160025e-05
right,0.39,1.854968531290913,1.854968531290913,0.0,-7.419794863030079,1.8549487157575197,9.274743578787598,-7.926213357418006e-06,1.9815533393545015e-06,9.907766696772508e-06,-7.419794863030079,1.8549487157575197,9.274743578787598,-7.926213357418007e-05,1.9815533393545016e-05,9.907766696772508e-05
right,0.392,1.8625987893202995,1.8625987893202995,0.0,-7.4503121555963725,1.8625780388990931,9.312890194495466,-8.300168482635658e-06,2.0750421206589145e-06,1.0375210603294572e-05,-7.4503121555963725,1.8625780388990931,9.312890194495466,-8.300168482635658e-05,2.0750421206589145e-05,0.00010375210603294572
right,0.394,1.8702857220731846,1.8702857220731846,0.0,-7.48105597606286,1.870263994015715,9.351319970078576,-8.691222987627119e-06,2.1728057469067798e-06,1.0864028734533898e-05,-7.48105597606286,1.870263994015715,9.351319970078576,-8.691222987627119e-05,2.1728057469067797e-05,0.00010864028734533899
right,0.396,1.8780299393444169,1.8780299393444169,0.0,-7.5120287558929,1.878007188973225,9.390035944866126,-9.10014847646972e-06,2.27503711911743e-06,1.137518559558715e-05,-7.5120287558929,1.878007188973225,9.390035944866126,-9.10014847646972e-05,2.27503711911743e-05,0.00011375185595587149
right,0.398,1.8858320595273996,1.8858320595273996,0.0,-7.543232960593939,1.8858082401484848,9.429041200742423,-9.527751565936558e-06,2.3819378914841394e-06,1.1909689457420697e-05,-7.543232960593939,1.8858082401484848,9.429041200742423,-9.527751565936558e-05,2.3819378914841395e-05,0.00011909689457420697
right,0.4,1.8936927097639944,1.8936927097639944,0.0,-7.574671090300878,1.8936677725752196,9.468338862876099,-9.974875509861244e-06,2.493718877465311e-06,1.2468594387326555e-05,-7.574671090300878,1.8936677725752196,9.468338862876099,-9.974875509861244e-05,2.493718877465311e-05,0.00012468594387326555
right,0.402,1.901612526097535,1.901612526097535,0.0,-7.606345680371125,1.9015864200927812,9.507932100463906,-1.0442401901518719e-05,2.6106004753796797e-06,1.3053002376898398e-05,-7.606345680371125,1.9015864200927812,9.507932100463906,-0.00010442401901518719,2.6106004753796796e-05,0.00013053002376898397
right,0.404,1.9095921536290197,1.9095921536290197,0.0,-7.638259301991502,1.9095648254978754,9.547824127489378,-1.093125245793278e-05,2.732813114483195e-06,1.3664065572415975e-05,-7.638259301991502,1.9095648254978754,9.547824127489378,-0.0001093125245793278,2.732813114483195e-05,0.00013664065572415975
right,0.406,1.9176322466765636,1.9176322466765636,0.0,-7.670414562797352,1.917603640699338,9.58801820349669,-1.144239089022661e-05,2.8605977225566525e-06,1.4302988612783262e-05,-7.670414562797352,1.917603640699338,9.58801820349669,-0.0001144239089022661,2.8605977225566525e-05,0.00014302988612783263
right,0.40800000000000003,1.925733468938187,1.925733468938187,0.0,-7.702814107504104,1.925703526876026,9.628517634380131,-1.1976824864349512e-05,2.994206216087378e-06,1.4971031080436889e-05,-7.702814107504104,1.925703526876026,9.628517634380131,-0.00011976824864349511,2.9942062160873778e-05,0.0001497103108043689
right,0.41000000000000003,1.9338964936580203,1.9338964936580203,0.0,-7.735460618551514,1.9338651546378784,9.669325773189392,-1.2535608056741811e-05,3.133902014185453e-06,1.5669510070927263e-05,-7.735460618551514,1.9338651546378784,9.669325773189392,-0.0001253560805674181,3.1339020141854526e-05,0.00015669510070927262
right,0.41200000000000003,1.9421220037960085,1.9421220037960085,0.0,-7.768356816760937,1.9420892041902342,9.71044602095117,-1.311984230974175e-05,3.2799605774354376e-06,1.6399802887177187e-05,-7.768356816760937,1.9420892041902342,9.71044602095117,-0.0001311984230974175,3.279960577435437e-05,0.00016399802887177186
right,0.41400000000000003,1.950410692201201,1.950410692201201,0.0,-7.801505462005886,1.9503763655014714,9.751881827507358,-1.3730679891793104e-05,3.432669972948276e-06,1.716334986474138e-05,-7.801505462005886,1.9503763655014714,9.751881827507358,-0.00013730679891793104,3.432669972948276e-05,0.0001716334986474138
right,0.41600000000000004,1.958763261788714,1.958763261788714,0.0,-7.83490935389618,1.958727338474045,9.793636692370224,-1.4369325867781763e-05,3.5923314669454407e-06,1.7961657334727204e-05,-7.83490935389618,1.958727338474045,9.793636692370224,-0.00014369325867781763,3.592331466945441e-05,0.00017961657334727204
right,0.418,1.9671804257204522,1.9671804257204522,0.0,-7.868571332475956,1.967142833118989,9.835714165594945,-1.5037040585113639e-05,3.7592601462784098e-06,1.879630073139205e-05,-7.868571332475956,1.967142833118989,9.835714165594945,-0.0001503704058511364,3.75926014627841e-05,0.0001879630073139205
right,0.42,1.9756629075896894,1.9756629075896894,0.0,-7.902494278935941,1.9756235697339852,9.878117848669927,-1.573514228144729e-05,3.933785570361822e-06,1.9668927851809113e-05,-7.902494278935941,1.9756235697339852,9.878117848669927,-0.0001573514228144729,3.9337855703618226e-05,0.00019668927851809113
right,0.422,1.9842114416095917,1.9842114416095917,0.0,-7.936681116340164,1.984170279085041,9.920851395425206,-1.646500982031083e-05,4.1162524550777075e-06,2.058126227538854e-05,-7.936681116340164,1.984170279085041,9.920851395425206,-0.00016465009820310831,4.116252455077708e-05,0.0002058126227538854
right,0.424,1.9928267728057907,1.9928267728057907,0.0,-7.971134810367551,1.9927837025918878,9.963918512959438,-1.722808556116934e-05,4.307021390292335e-06,2.1535106951461674e-05,-7.971134810367551,1.9927837025918878,9.963918512959438,-0.0001722808556116934,4.307021390292335e-05,0.00021535106951461674
right,0.426,2.001509657213103,2.001509657213103,0.0,-8.005858370068701,2.0014645925171752,10.007322962585876,-1.8025878370862106e-05,4.506469592715527e-06,2.2532347963577633e-05,-8.005858370068701,2.0014645925171752,10.007322962585876,-0.00018025878370862106,4.5064695927155266e-05,0.00022532347963577634
right,0.428,2.0102608620764975,2.0102608620764975,0.0,-8.040854848638151,2.010213712159538,10.051068560797688,-1.8859966783703705e-05,4.714991695925926e-06,2.357495847962963e-05,-8.040854848638151,2.010213712159538,10.051068560797688,-0.00018859966783703704,4.714991695925926e-05,0.0002357495847962963
right,0.43,2.0190811660564165,2.0190811660564165,0.0,-8.076127344202485,2.019031836050621,10.095159180253106,-1.973200231793872e-05,4.93300057948468e-06,2.4665002897423402e-05,-8.076127344202485,2.019031836050621,10.095159180253106,-0.00019732002317938722,4.9330005794846804e-05,0.00024665002897423404
right,0.432,2.0279713594385624,2.0279713594385624,0.0,-8.111679000624681,2.0279197501561703,10.139598750780852,-2.0643712956657943e-05,5.160928239164486e-06,2.580464119582243e-05,-8.111679000624681,2.0279197501561703,10.139598750780852,-0.00020643712956657943,5.160928239164486e-05,0.0002580464119582243
right,0.434,2.0369322443482583,2.0369322443482583,0.0,-8.147513008325019,2.0368782520812547,10.184391260406274,-2.1596906801726205e-05,5.399226700431551e-06,2.6996133502157758e-05,-8.147513008325019,2.0368782520812547,10.184391260406274,-0.00021596906801726206,5.3992267004315515e-05,0.0002699613350215776
right,0.436,2.045964634969496,2.045964634969496,0.0,-8.183632605118888,2.045908151279722,10.22954075639861,-2.259347590973934e-05,5.648368977434835e-06,2.8241844887174176e-05,-8.183632605118888,2.045908151279722,10.22954075639861,-0.0002259347590973934,5.648368977434835e-05,0.00028241844887174174
right,0.438,2.0550693577687986,2.0550693577687986,0.0,-8.220041077071997,2.0550102692679992,10.275051346339996,-2.3635400319522912e-05,5.908850079880728e-06,2.954425039940364e-05,-8.220041077071997,2.0550102692679992,10.275051346339996,-0.0002363540031952291,5.908850079880728e-05,0.0002954425039940364
right,0.44,2.064247251724004,2.064247251724004,0.0,-8.256741759373202,2.0641854398433006,10.320927199216502,-2.472475228120748e-05,6.18118807030187e-06,3.090594035150935e-05,-8.256741759373202,2.0641854398433006,10.320927199216502,-0.0002472475228120748,6.18118807030187e-05,0.0003090594035150935
right,0.442,2.0734991685581066,2.0734991685581066,0.0,-8.293738037225449,2.073434509306362,10.367172546531812,-2.586370069746951e-05,6.465925174367377e-06,3.232962587183688e-05,-8.293738037225449,2.073434509306362,10.367172546531812,-0.00025863700697469506,6.465925174367376e-05,0.0003232962587183688
right,0.444,2.0828259729782848,2.0828259729782848,0.0,-8.33103334675526,2.082758336688815,10.413791683444076,-2.7054515788112232e-05,6.763628947028058e-06,3.381814473514029e-05,-8.33103334675526,2.082758336688815,10.413791683444076,-0.0002705451578811223,6.763628947028058e-05,0.0003381814473514029
right,0.446,2.0922285429202336,2.0922285429202336,0.0,-8.368631175941035,2.0921577939852587,10.460788969926293,-2.8299573989780014e-05,7.074893497445003e-06,3.5374467487225014e-05,-8.368631175941035,2.0921577939852587,10.460788969926293,-0.0002829957398978001,7.074893497445003e-05,0.0003537446748722501
right,0.448,2.101707769797958,2.101707769797958,0.0,-8.406535065560803,2.1016337663902007,10.508168831951004,-2.9601363103256924e-05,7.400340775814231e-06,3.700170387907115e-05,-8.406535065560803,2.1016337663902007,10.508168831951004,-0.0002960136310325692,7.40034077581423e-05,0.0003700170387907115
right,0.45,2.1112645587591463,2.1112645587591463,0.0,-8.444748610159566,2.1111871525398915,10.555935762699457,-3.096248770149283e-05,7.740621925373208e-06,3.870310962686604e-05,-8.444748610159566,2.1111871525398915,10.555935762699457,-0.00030962487701492833,7.740621925373208e-05,0.0003870310962686604
right,0.452,2.1208998289462855,2.1208998289462855,0.0,-8.483275459037019,2.1208188647592547,10.604094323796273,-3.238567481223759e-05,8.096418703059398e-06,4.048209351529699e-05,-8.483275459037019,2.1208188647592547,10.604094323796273,-0.0003238567481223759,8.096418703059398e-05,0.0004048209351529699
right,0.454,2.1306145137636494,2.1306145137636494,0.0,-8.522119317255697,2.1305298293139243,10.652649146569622,-3.387377988994038e-05,8.468444972485095e-06,4.2342224862425476e-05,-8.522119317255697,2.1305298293139243,10.652649146569622,-0.0003387377988994038,8.468444972485095e-05,0.00042342224862425477
right,0.456,2.1404095611503267,2.1404095611503267,0.0,-8.561283946670384,2.140320986667596,10.70160493333798,-3.542979309239788e-05,8.85744827309947e-06,4.428724136549735e-05,-8.561283946670384,2.140320986667596,10.70160493333798,-0.0003542979309239788,8.85744827309947e-05,0.0004428724136549735
right,0.458,2.150285933859433,2.150285933859433,0.0,-8.600773166978946,2.1501932917447366,10.750966458723683,-3.7056845878506906e-05,9.264211469626727e-06,4.632105734813363e-05,-8.600773166978946,2.1501932917447366,10.750966458723683,-0.00037056845878506906,9.264211469626727e-05,0.00046321057348133634
right,0.46,2.160244609743678,2.160244609743678,0.0,-8.640590856795267,2.160147714198817,10.800738570994085,-3.875821794440386e-05,9.689554486100965e-06,4.8447772430504825e-05,-8.640590856795267,2.160147714198817,10.800738570994085,-0.0003875821794440386,9.689554486100965e-05,0.00048447772430504826
right,0.462,2.1702865820474417,2.1702865820474417,0.0,-8.680740954744603,2.170185238686151,10.850926193430755,-4.053734451625337e-05,1.0134336129063343e-05,5.067168064531671e-05,-8.680740954744603,2.170185238686151,10.850926193430755,-0.0004053734451625337,0.00010134336129063342,0.0005067168064531671
right,0.464,2.1804128597055445,2.1804128597055445,0.0,-8.721227460581986,2.1803068651454964,10.901534325727482,-4.239782401898878e-05,1.0599456004747195e-05,5.299728002373598e-05,-8.721227460581986,2.1803068651454964,10.901534325727482,-0.0004239782401898878,0.00010599456004747196,0.0005299728002373597
right,0.466,2.190624467648872,2.190624467648872,0.0,-8.762054436334076,2.190513609083519,10.952568045417594,-4.434342614140863e-05,1.1085856535352158e-05,5.542928267676079e-05,-8.762054436334076,2.190513609083519,10.952568045417594,-0.0004434342614140863,0.00011085856535352158,0.0005542928267676079
right,0.468,2.200922447117044,2.200922447117044,0.0,-8.803226007464986,2.2008065018662464,11.004032509331232,-4.6378100319201705e-05,1.1594525079800426e-05,5.797262539900213e-05,-8.803226007464986,2.2008065018662464,11.004032509331232,-0.00046378100319201704,0.00011594525079800426,0.0005797262539900213
right,0.47000000000000003,2.21130785597831,2.21130785597831,0.0,-8.84474636406665,2.2111865910166624,11.055932955083312,-4.850598465871296e-05,1.212649616467824e-05,6.0632480823391205e-05,-8.84474636406665,2.2111865910166624,11.055932955083312,-0.00048505984658712964,0.00012126496164678241,0.0006063248082339121
right,0.47200000000000003,2.2217817690568658,2.2217817690568658,0.0,-8.886619762074208,2.221654940518552,11.108274702592759,-5.073141532557602e-05,1.2682853831394005e-05,6.341426915697003e-05,-8.886619762074208,2.221654940518552,11.108274702592759,-0.0005073141532557602,0.00012682853831394005,0.0006341426915697002
right,0.47400000000000003,2.2323452784677777,2.2323452784677777,0.0,-8.928850524506874,2.2322126311267185,11.161063155633592,-5.305893642373193e-05,1.3264734105932983e-05,6.632367052966491e-05,-8.928850524506874,2.2322126311267185,11.161063155633592,-0.0005305893642373193,0.00013264734105932982,0.0006632367052966491
right,0.47600000000000003,2.242999493959733,2.242999493959733,0.0,-8.971443042735011,2.2428607606837527,11.214303803418764,-5.5493310391834474e-05,1.3873327597958618e-05,6.936663798979309e-05,-8.971443042735011,2.2428607606837527,11.214303803418764,-0.0005549331039183447,0.00013873327597958618,0.0006936663798979309
right,0.47800000000000004,2.253745543265809,2.253745543265809,0.0,-9.014401777773783,2.2536004444434456,11.268002222217229,-5.803952894561031e-05,1.4509882236402578e-05,7.254941118201289e-05,-9.014401777773783,2.2536004444434456,11.268002222217229,-0.0005803952894561031,0.00014509882236402578,0.0007254941118201289
right,0.48,2.2645845724624856,2.2645845724624856,0.0,-9.057731261603982,2.2644328154009954,11.322164077004977,-6.0702824596408803e-05,1.5175706149102201e-05,7.5878530745511e-05,-9.057731261603982,2.2644328154009954,11.322164077004977,-0.000607028245964088,0.000151757061491022,0.00075878530745511
right,0.482,2.2755177463371163,2.2755177463371163,0.0,-9.101436098520681,2.2753590246301703,11.37679512315085,-6.348868277794654e-05,1.5872170694486635e-05,7.936085347243317e-05,-9.101436098520681,2.2753590246301703,11.37679512315085,-0.0006348868277794654,0.00015872170694486635,0.0007936085347243318
right,0.484,2.2865462487640924,2.2865462487640924,0.0,-9.145520966510215,2.286380241627554,11.43190120813777,-6.640285461512736e-05,1.660071365378184e-05,8.30035682689092e-05,-9.145520966510215,2.286380241627554,11.43190120813777,-0.0006640285461512736,0.0001660071365378184,0.000830035682689092
right,0.486,2.297671283089922,2.297671283089922,0.0,-9.189990618655981,2.2974976546639954,11.487488273319977,-6.945137037081431e-05,1.7362842592703577e-05,8.681421296351789e-05,-9.189990618655981,2.2974976546639954,11.487488273319977,-0.0006945137037081431,0.00017362842592703577,0.0008681421296351788
right,0.488,2.3088940725274774,2.3088940725274774,0.0,-9.234849884573821,2.3087124711434552,11.543562355717276,-7.264055360854907e-05,1.8160138402137267e-05,9.080069201068634e-05,-9.234849884573821,2.3087124711434552,11.543562355717276,-0.0007264055360854907,0.00018160138402137268,0.0009080069201068634
right,0.49,2.320215860559655,2.320215860559655,0.0,-9.280103671877502,2.3200259179693754,11.600129589846876,-7.597703611146453e-05,1.8994259027866134e-05,9.497129513933067e-05,-9.280103671877502,2.3200259179693754,11.600129589846876,-0.0007597703611146453,0.00018994259027866134,0.0009497129513933067
right,0.492,2.331637911352697,2.331637911352697,0.0,-9.325756967674788,2.331439241918697,11.657196209593486,-7.946777360002646e-05,1.9866943400006616e-05,9.933471700003307e-05,-9.325756967674788,2.331439241918697,11.657196209593486,-0.0007946777360002646,0.00019866943400006614,0.0009933471700003308
right,0.494,2.343161510179449,2.343161510179449,0.0,-9.37181484009486,2.342953710023715,11.714768550118574,-8.312006229378466e-05,2.0780015573446166e-05,0.00010390007786723083,-9.37181484009486,2.342953710023715,11.714768550118574,-0.0008312006229378466,0.00020780015573446166,0.0010390007786723083
right,0.496,2.354787963852815,2.354787963852815,0.0,-9.418282439847607,2.3545706099619017,11.772853049809509,-8.694155636501444e-05,2.173538909125361e-05,0.00010867694545626805,-9.418282439847607,2.3545706099619017,11.772853049809509,-0.0008694155636501444,0.0002173538909125361,0.0010867694545626805
right,0.498,2.366518601169694,2.366518601169694,0.0,-9.465165001815429,2.366291250453857,11.831456252269286,-9.09402863350017e-05,2.2735071583750424e-05,0.00011367535791875212,-9.465165001815429,2.366291250453857,11.831456252269286,-0.0009094028633500169,0.00022735071583750423,0.0011367535791875212
right,0.5,2.3783547733656856,2.3783547733656856,0.0,-9.512467846678074,2.3781169616695186,11.890584808347594,-9.512467846678076e-05,2.378116961669519e-05,0.00011890584808347594,-9.512467846678074,2.3781169616695186,11.890584808347594,-0.0009512467846678075,0.00023781169616695188,0.0011890584808347594
right,0.502,2.390297854580857,2.390297854580857,0.0,-9.560196382571313,2.390049095642828,11.950245478214141,-9.950357521138408e-05,2.487589380284602e-05,0.0001243794690142301,-9.560196382571313,2.390049095642828,11.950245478214141,-0.0009950357521138408,0.0002487589380284602,0.001243794690142301
right,0.504,2.4023492423368826,2.4023492423368826,0.0,-9.608356106779853,2.4020890266949633,12.010445133474816,-0.0001040862567681183,2.6021564192029576e-05,0.00013010782096014786,-9.608356106779853,2.4020890266949633,12.010445133474816,-0.001040862567681183,0.00026021564192029573,0.0013010782096014788
right,0.506,2.4145103580258613,2.4145103580258613,0.0,-9.656952607465213,2.414238151866303,12.071190759331516,-0.00010888246382306027,2.722061595576507e-05,0.00013610307977882533,-9.656952607465213,2.414238151866303,12.071190759331516,-0.0010888246382306027,0.00027220615955765066,0.0013610307977882533
right,0.508,2.4267826474111467,2.4267826474111467,0.0,-9.705991565429246,2.4264978913573114,12.132489456786557,-0.00011390242153388376,2.847560538347094e-05,0.0001423780269173547,-9.705991565429246,2.4264978913573114,12.132489456786557,-0.0011390242153388377,0.0002847560538347094,0.001423780269173547
right,0.51,2.439167581140512,2.439167581140512,0.0,-9.755478755913714,2.4388696889784285,12.194348444892142,-0.00011915686483329014,2.9789216208322535e-05,0.00014894608104161266,-9.755478755913714,2.4388696889784285,12.194348444892142,-0.0011915686483329013,0.0002978921620832253,0.0014894608104161267
right,0.512,2.4516666552719992,2.4516666552719992,0.0,-9.805420050436718,2.4513550126091794,12.256775063045897,-0.00012465706512775854,3.1164266281939636e-05,0.00015582133140969818,-9.805420050436718,2.4513550126091794,12.256775063045897,-0.0012465706512775855,0.00031164266281939637,0.0015582133140969818
right,0.514,2.4642813918128073,2.4642813918128073,0.0,-9.855821418666498,2.4639553546666244,12.319776773333121,-0.0001304148584730537,3.260371461826342e-05,0.0001630185730913171,-9.855821418666498,2.4639553546666244,12.319776773333121,-0.0013041485847305368,0.0003260371461826342,0.0016301857309131708
right,0.516,2.4770133392715774,2.4770133392715774,0.0,-9.906688930333177,2.476672232583294,12.38336116291647,-0.00013644267531296247,3.411066882824062e-05,0.0001705533441412031,-9.906688930333177,2.476672232583294,12.38336116291647,-0.0013644267531296248,0.0003411066882824062,0.001705533441412031
right,0.518,2.4898640732244584,2.4898640732244584,0.0,-9.958028757179104,2.489507189294776,12.44753594647388,-0.00014275357187309458,3.5688392968273645e-05,0.00017844196484136823,-9.958028757179104,2.489507189294776,12.44753594647388,-0.0014275357187309458,0.00035688392968273645,0.0017844196484136823
right,0.52,2.5028351968953295,2.5028351968953295,0.0,-10.009847174948243,2.502461793737061,12.512308968685304,-0.00014936126330729405,3.7340315826823514e-05,0.00018670157913411756,-10.009847174948243,2.502461793737061,12.512308968685304,-0.0014936126330729405,0.0003734031582682351,0.0018670157913411756
right,0.522,2.5159283417505907,2.5159283417505907,0.0,-10.062150565415358,2.5155376413538395,12.577688206769198,-0.0001562801587003024,3.90700396750756e-05,0.000195350198375378,-10.062150565415358,2.5155376413538395,12.577688206769198,-0.001562801587003024,0.000390700396750756,0.00195350198375378
right,0.524,2.5291451681089163,2.5291451681089163,0.0,-10.114945418455298,2.5287363546138244,12.643681773069122,-0.0001635253980368018,4.088134950920045e-05,0.00020440674754600223,-10.114945418455298,2.5287363546138244,12.643681773069122,-0.0016352539803680178,0.00040881349509200445,0.002044067475460022
right,0.526,2.542487365766407,2.542487365766407,0.0,-10.168238334153093,2.5420595835382733,12.710297917691367,-0.0001711128912538952,4.27782228134738e-05,0.00021389111406736898,-10.168238334153093,2.5420595835382733,12.710297917691367,-0.0017111289125389519,0.00042778222813473797,0.00213891114067369
right,0.528,2.555956654637567,2.555956654637567,0.0,-10.22203602495525,2.5555090062388124,12.777545031194062,-0.00017905935950145982,4.4764839875364955e-05,0.00022382419937682477,-10.22203602495525,2.5555090062388124,12.777545031194062,-0.0017905935950145982,0.00044764839875364955,0.0022382419937682476
right,0.53,2.569554785412562,2.569554785412562,0.0,-10.276345317862825,2.5690863294657063,12.845431647328532,-0.00018738237874268998,4.6845594685672494e-05,0.00023422797342836249,-10.276345317862825,2.5690863294657063,12.845431647328532,-0.0018738237874268999,0.00046845594685672497,0.002342279734283625
right,0.532,2.583283540231208,2.583283540231208,0.0,-10.33117315666648,2.58279328916662,12.9139664458331,-0.00019610042583554445,4.902510645888611e-05,0.00024512553229443055,-10.33117315666648,2.58279328916662,12.9139664458331,-0.0019610042583554444,0.0004902510645888611,0.0024512553229443053
right,0.534,2.59714473337418,2.59714473337418,0.0,-10.386526604224274,2.5966316510560685,12.983158255280342,-0.00020523292724479206,5.1308231811198015e-05,0.00025654115905599005,-10.386526604224274,2.5966316510560685,12.983158255280342,-0.0020523292724479204,0.0005130823181119801,0.0025654115905599005
right,0.536,2.6111402119719216,2.6111402119719216,0.0,-10.442412844782243,2.610603211195561,13.053016055977803,-0.00021480031054391154,5.3700077635977885e-05,0.0002685003881798894,-10.442412844782243,2.610603211195561,13.053016055977803,-0.0021480031054391152,0.0005370007763597788,0.002685003881798894
right,0.538,2.625271856731762,2.625271856731762,0.0,-10.498839186338287,2.624709796584572,13.123548982922859,-0.00022482405887633527,5.620601471908382e-05,0.0002810300735954191,-10.498839186338287,2.624709796584572,13.123548982922859,-0.0022482405887633526,0.0005620601471908382,0.0028103007359541908
right,0.54,2.639541582683758,2.639541582683758,0.0,-10.555813063049467,2.6389532657623667,13.194766328811834,-0.00023532676855643348,5.883169213910837e-05,0.00029415846069554187,-10.555813063049467,2.6389532657623667,13.194766328811834,-0.002353267685564335,0.0005883169213910837,0.0029415846069554188
right,0.542,2.6539513399458023,2.6539513399458023,0.0,-10.613342037683184,2.653335509420796,13.26667754710398,-0.000246332210002308,6.1583052500577e-05,0.000307915262502885,-10.613342037683184,2.653335509420796,13.26667754710398,-0.00246332210002308,0.00061583052500577,0.0030791526250288502
right,0.544,2.6685031145085394,2.6685031145085394,0.0,-10.67143380411211,2.6678584510280277,13.339292255140139,-0.00025786539220491234,6.446634805122809e-05,0.00032233174025614043,-10.67143380411211,2.6678584510280277,13.339292255140139,-0.0025786539220491234,0.0006446634805122809,0.003223317402561404
right,0.546,2.683198929040662,2.683198929040662,0.0,-10.730096189853136,2.682524047463284,13.41262023731642,-0.00026995263095133784,6.748815773783446e-05,0.0003374407886891723,-10.730096189853136,2.682524047463284,13.41262023731642,-0.0026995263095133783,0.0006748815773783446,0.0033744078868917227
right,0.548,2.6980408437151726,2.6980408437151726,0.0,-10.789337158650348,2.697334289662587,13.486671448312935,-0.00028262162103433674,7.065540525858418e-05,0.0003532770262929209,-10.789337158650348,2.697334289662587,13.486671448312935,-0.002826216210343367,0.0007065540525858418,0.003532770262929209
right,0.55,2.7130309570572053,2.7130309570572053,0.0,-10.849164813101867,2.7122912032754667,13.561456016377333,-0.00029590151269536663,7.397537817384166e-05,0.00036987689086920826,-10.849164813101867,2.7122912032754667,13.561456016377333,-0.002959015126953666,0.0007397537817384165,0.0036987689086920824
right,0.552,2.728171406814033,2.728171406814033,0.0,-10.909587397330489,2.727396849332622,13.636984246663111,-0.0003098229925647185,7.745574814117962e-05,0.0003872787407058981,-10.909587397330489,2.727396849332622,13.636984246663111,-0.003098229925647185,0.0007745574814117962,0.003872787407058981
right,0.554,2.7434643708478883,2.7434643708478883,0.0,-10.97061329969776,2.74265332492444,13.7132666246222,-0.0003244183693796932,8.11045923449233e-05,0.0004055229617246165,-10.97061329969776,2.74265332492444,13.7132666246222,-0.003244183693796932,0.000811045923449233,0.004055229617246165
right,0.556,2.758912068052265,2.758912068052265,0.0,-11.032251055561257,2.7580627638903144,13.790313819451573,-0.0003397216647804214,8.493041619510535e-05,0.0004246520809755267,-11.032251055561257,2.7580627638903144,13.790313819451573,-0.0033972166478042137,0.0008493041619510534,0.004246520809755267
right,0.558,2.774516759292361,2.774516759292361,0.0,-11.094509350074418,2.7736273375186045,13.868136687593022,-0.0003557687095028452,8.89421773757113e-05,0.0004447108868785565,-11.094509350074418,2.7736273375186045,13.868136687593022,-0.003557687095028452,0.000889421773757113,0.004447108868785565
right,0.56,2.7902807483703627,2.7902807483703627,0.0,-11.157397021028354,2.7893492552570884,13.946746276285442,-0.00037259724530971927,9.314931132742982e-05,0.0004657465566371491,-11.157397021028354,2.7893492552570884,13.946746276285442,-0.0037259724530971927,0.0009314931132742982,0.004657465566371491
right,0.562,2.806206383016283,2.806206383016283,0.0,-11.220923061734895,2.805230765433724,14.026153827168619,-0.0003902470330233325,9.756175825583312e-05,0.0004878087912791656,-11.220923061734895,2.805230765433724,14.026153827168619,-0.003902470330233325,0.0009756175825583312,0.004878087912791656
right,0.5640000000000001,2.822296055905089,2.822296055905089,0.0,-11.285096623949878,2.8212741559874694,14.106370779937347,-0.0004087599670481107,0.00010218999176202768,0.0005109499588101384,-11.285096623949878,2.8212741559874694,14.106370779937347,-0.004087599670481107,0.0010218999176202768,0.0051094995881013835
right,0.5660000000000001,2.8385522057008608,2.8385522057008608,0.0,-11.34992702083547,2.8374817552088674,14.187408776044336,-0.0004281801967974664,0.0001070450491993666,0.000535225245996833,-11.34992702083547,2.8374817552088674,14.187408776044336,-0.004281801967974664,0.001070450491993666,0.00535225245996833
right,0.5680000000000001,2.8549773181287743,2.8549773181287743,0.0,-11.415423729960423,2.853855932490106,14.26927966245053,-0.00044855425546734415,0.00011213856386683604,0.0005606928193341802,-11.415423729960423,2.853855932490106,14.26927966245053,-0.004485542554673441,0.0011213856386683603,0.0056069281933418015
right,0.5700000000000001,2.871573927075689,2.871573927075689,0.0,-11.481596396336464,2.870399099084116,14.35199549542058,-0.0004699311966289912,0.0001174827991572478,0.000587413995786239,-11.481596396336464,2.870399099084116,14.35199549542058,-0.004699311966289912,0.001174827991572478,0.0058741399578623905
right,0.5720000000000001,2.888344615720163,2.888344615720163,0.0,-11.548454835489192,2.887113708872298,14.435568544361491,-0.0004923627391457493,0.00012309068478643731,0.0006154534239321866,-11.548454835489192,2.887113708872298,14.435568544361491,-0.004923627391457493,0.0012309068478643733,0.006154534239321866
right,0.5740000000000001,2.905292017692739,2.905292017692739,0.0,-11.616009036561424,2.904002259140356,14.52001129570178,-0.0005159034209532469,0.00012897585523831173,0.0006448792761915587,-11.616009036561424,2.904002259140356,14.52001129570178,-0.005159034209532469,0.0012897585523831173,0.006448792761915586
right,0.5760000000000001,2.922418818267358,2.922418818267358,0.0,-11.684269165446638,2.9210672913616595,14.605336456808297,-0.0005406107622794649,0.00013515269056986622,0.0006757634528493311,-11.684269165446638,2.9210672913616595,14.605336456808297,-0.005406107622794649,0.0013515269056986621,0.006757634528493311
right,0.578,2.9397277555847845,2.9397277555847845,0.0,-11.753245567949932,2.938311391987483,14.691556959937415,-0.0005665454389209458,0.00014163635973023645,0.0007081817986511823,-11.753245567949932,2.938311391987483,14.691556959937415,-0.005665454389209458,0.0014163635973023646,0.0070818179865118226
right,0.58,2.957221621908963,2.957221621908963,0.0,-11.822948772973513,2.9557371932433782,14.77868596621689,-0.0005937714662341277,0.00014844286655853192,0.0007422143327926596,-11.822948772973513,2.9557371932433782,14.77868596621689,-0.005937714662341277,0.0014844286655853192,0.007422143327926596
right,0.582,2.974903264917214,2.974903264917214,0.0,-11.893389495723392,2.973347373930848,14.86673686965424,-0.0006223563945465827,0.00015558909863664568,0.0007779454931832284,-11.893389495723392,2.973347373930848,14.86673686965424,-0.006223563945465827,0.0015558909863664567,0.007779454931832283
right,0.584,2.992775589025245,2.992775589025245,0.0,-11.964578640933558,2.9911446602333895,14.955723301166948,-0.0006523715167421973,0.00016309287918554933,0.0008154643959277467,-11.964578640933558,2.9911446602333895,14.955723301166948,-0.006523715167421973,0.0016309287918554933,0.008154643959277466
right,0.586,3.010841556747946,3.010841556747946,0.0,-12.036527306103512,3.009131826525878,15.045659132629389,-0.0006838920888271226,0.00017097302220678065,0.0008548651110339032,-12.036527306103512,3.009131826525878,15.045659132629389,-0.006838920888271226,0.0017097302220678064,0.008548651110339032
right,0.588,3.0291041900969646,3.0291041900969646,0.0,-12.109246784744458,3.0273116961861146,15.136558480930573,-0.0007169975643400988,0.0001792493910850247,0.0008962469554251234,-12.109246784744458,3.0273116961861146,15.136558480930573,-0.007169975643400987,0.0017924939108502468,0.008962469554251234
right,0.59,3.0475665720160916,3.0475665720160916,0.0,-12.18274856962905,3.0456871424072625,15.228435712036312,-0.0007517718435317327,0.00018794296088293317,0.0009397148044146659,-12.18274856962905,3.0456871424072625,15.228435712036312,-0.007517718435317327,0.0018794296088293317,0.00939714804414666
right,0.592,3.0662318478555046,3.0662318478555046,0.0,-12.257044356038989,3.0642610890097473,15.321305445048736,-0.0007883035383028332,0.0001970758845757083,0.0009853794228785414,-12.257044356038989,3.0642610890097473,15.321305445048736,-0.007883035383028331,0.001970758845757083,0.009853794228785413
right,0.594,3.0851032268859346,3.0851032268859346,0.0,-12.332146045004114,3.0830365112510285,15.415182556255143,-0.0008266862539623482,0.00020667156349058705,0.0010333578174529351,-12.332146045004114,3.0830365112510285,15.415182556255143,-0.008266862539623481,0.0020667156349058703,0.010333578174529352
right,0.596,3.104183983853853,3.104183983853853,0.0,-12.408065746525997,3.1020164366314993,15.510082183157497,-0.0008670188889411812,0.0002167547222352953,0.0010837736111764765,-12.408065746525997,3.1020164366314993,15.510082183157497,-0.008670188889411812,0.002167547222352953,0.010837736111764765
right,0.598,3.1234774605787927,3.1234774605787927,0.0,-12.484815782778375,3.1212039456945937,15.606019728472969,-0.0009094059536796244,0.0002273514884199061,0.0011367574420995306,-12.484815782778375,3.1212039456945937,15.606019728472969,-0.009094059536796244,0.002273514884199061,0.011367574420995306
right,0.6,3.1429870675939404,3.1429870675939404,0.0,-12.562408691275824,3.140602172818956,15.703010864094779,-0.0009539579099937575,0.00023848947749843937,0.0011924473874921969,-12.562408691275824,3.140602172818956,15.703010864094779,-0.009539579099937575,0.0023848947749843937,0.01192447387492197
right,0.602,3.162716285831158,3.162716285831158,0.0,-12.640857228001424,3.160214307000356,15.80107153500178,-0.0010007915323204538,0.00025019788308011345,0.0012509894154005673,-12.640857228001424,3.160214307000356,15.80107153500178,-0.010007915323204539,0.0025019788308011347,0.012509894154005673
right,0.604,3.182668668351611,3.182668668351611,0.0,-12.720174370483024,3.180043592620756,15.90021796310378,-0.0010500302923421025,0.00026250757308552563,0.0013125378654276281,-12.720174370483024,3.180043592620756,15.90021796310378,-0.010500302923421025,0.0026250757308552562,0.01312537865427628
right,0.606,3.202847842123201,3.202847842123201,0.0,-12.80037332080679,3.2000933302016974,16.000466651008487,-0.0011018047686014068,0.0002754511921503517,0.0013772559607517585,-12.80037332080679,3.2000933302016974,16.000466651008487,-0.011018047686014068,0.002754511921503517,0.013772559607517585
right,0.608,3.2232575098460186,3.2232575098460186,0.0,-12.881467508555732,3.220366877138933,16.101834385694666,-0.0011562530828342608,0.0002890632707085652,0.001445316353542826,-12.881467508555732,3.220366877138933,16.101834385694666,-0.011562530828342608,0.002890632707085652,0.014453163535428259
right,0.61,3.2439014518270426,3.2439014518270426,0.0,-12.963470593659421,3.2408676484148553,16.204338242074275,-0.0012135213648754052,0.0003033803412188513,0.0015169017060942566,-12.963470593659421,3.2408676484148553,16.204338242074275,-0.012135213648754053,0.003033803412188513,0.015169017060942567
right,0.612,3.2647835279053385,3.2647835279053385,0.0,-13.04639646914007,3.2615991172850176,16.307995586425086,-0.0012737642481280892,0.0003184410620320223,0.0015922053101601115,-13.04639646914007,3.2615991172850176,16.307995586425086,-0.012737642481280892,0.003184410620320223,0.015922053101601115
right,0.614,3.2859076794290103,3.2859076794290103,0.0,-13.130259263738678,3.2825648159346694,16.412824079673346,-0.0013371453977360816,0.0003342863494340204,0.001671431747170102,-13.130259263738678,3.2825648159346694,16.412824079673346,-0.013371453977360816,0.003342863494340204,0.016714317471701018
right,0.616,3.30727793128517,3.30727793128517,0.0,-13.215073344403127,3.3037683361007817,16.518841680503908,-0.001403838073754934,0.0003509595184387335,0.0017547975921936674,-13.215073344403127,3.3037683361007817,16.518841680503908,-0.014038380737549339,0.0035095951843873347,0.017547975921936673
right,0.618,3.328898393984207,3.328898393984207,0.0,-13.300853318618925,3.3252133296547313,16.626066648273657,-0.001474025731790399,0.00036850643294759975,0.0018425321647379989,-13.300853318618925,3.3252133296547313,16.626066648273657,-0.014740257317903991,0.0036850643294759977,0.018425321647379988
right,0.62,3.3507732657996336,3.3507732657996336,0.0,-13.387614036560974,3.3469035091402435,16.734517545701216,-0.00154790266375627,0.0003869756659390675,0.0019348783296953376,-13.387614036560974,3.3469035091402435,16.734517545701216,-0.0154790266375627,0.003869756659390675,0.019348783296953376
right,0.622,3.3729068349647835,3.3729068349647835,0.0,-13.475370593043108,3.368842648260777,16.844213241303883,-0.0016256746816028338,0.00040641867040070844,0.002032093352003542,-13.475370593043108,3.368842648260777,16.844213241303883,-0.016256746816028338,0.004064186704007084,0.020320933520035424
right,0.624,3.395303481927647,3.395303481927647,0.0,-13.564138329239771,3.391034582309943,16.955172911549713,-0.0017075598470817118,0.00042688996177042796,0.00213444980885214,-13.564138329239771,3.391034582309943,16.955172911549713,-0.01707559847081712,0.00426889961770428,0.0213444980885214
right,0.626,3.417967681665104,3.417967681665104,0.0,-13.653932834151972,3.413483208537993,17.067416042689963,-0.001793789250844499,0.0004484473127111248,0.002242236563555624,-13.653932834151972,3.413483208537993,17.067416042689963,-0.01793789250844499,0.004484473127111248,0.02242236563555624
right,0.628,3.4409040060578144,3.4409040060578144,0.0,-13.744769945787029,3.4361924864467572,17.180962432233787,-0.001884607844422614,0.0004711519611056535,0.0023557598055282676,-13.744769945787029,3.4361924864467572,17.180962432233787,-0.01884607844422614,0.004711519611056535,0.023557598055282677
right,0.63,3.464117126327003,3.464117126327003,0.0,-13.836665752018957,3.4591664380047393,17.295832190023695,-0.0019802753289057604,0.0004950688322264401,0.0024753441611322004,-13.836665752018957,3.4591664380047393,17.295832190023695,-0.019802753289057604,0.004950688322264401,0.024753441611322004
right,0.632,3.4876118155343407,3.4876118155343407,0.0,-13.929636591093084,3.482409147773271,17.412045738866354,-0.0020810671044279106,0.0005202667761069776,0.002601333880534888,-13.929636591093084,3.482409147773271,17.412045738866354,-0.020810671044279104,0.005202667761069776,0.026013338805348882
right,0.634,3.511392951146115,3.511392951146115,0.0,-14.023699051735615,3.505924762933904,17.52962381466952,-0.002187275284884734,0.0005468188212211835,0.0027340941061059177,-14.023699051735615,3.505924762933904,17.52962381466952,-0.021872752848847342,0.0054681882122118355,0.02734094106105918
right,0.636,3.5354655176628067,3.5354655176628067,0.0,-14.11886997282476,3.52971749320619,17.64858746603095,-0.00229920978264661,0.0005748024456616525,0.0028740122283082625,-14.11886997282476,3.52971749320619,17.64858746603095,-0.0229920978264661,0.005748024456616525,0.028740122283082627
right,0.638,3.5598346093151743,3.5598346093151743,0.0,-14.215166442576704,3.553791610644176,17.76895805322088,-0.0024171994683992127,0.0006042998670998032,0.003021499335499016,-14.215166442576704,3.553791610644176,17.76895805322088,-0.02417199468399213,0.006042998670998032,0.03021499335499016
right,0.64,3.584505432827857,3.584505432827857,0.0,-14.312605797195019,3.5781514492987547,17.890757246493774,-0.0025415934116411066,0.0006353983529102766,0.0031769917645513832,-14.312605797195019,3.5781514492987547,17.890757246493774,-0.025415934116411066,0.0063539835291027665,0.03176991764551383
right,0.642,3.6094833102514565,3.6094833102514565,0.0,-14.41120561892785,3.6028014047319625,18.01400702365981,-0.0026727622077976653,0.0006681905519494163,0.0033409527597470816,-14.41120561892785,3.6028014047319625,18.01400702365981,-0.026727622077976652,0.006681905519494163,0.03340952759747082
right,0.644,3.634773681863956,3.634773681863956,0.0,-14.510983733472068,3.627745933368017,18.138729666840085,-0.002811099398375369,0.0007027748495938423,0.0035138742479692113,-14.510983733472068,3.627745933368017,18.138729666840085,-0.02811099398375369,0.007027748495938423,0.03513874247969211
right,0.646,3.660382109142245,3.660382109142245,0.0,-14.611958206658146,3.6529895516645365,18.264947758322684,-0.002957022991083278,0.0007392557477708195,0.0036962787388540976,-14.611958206658146,3.6529895516645365,18.264947758322684,-0.02957022991083278,0.007392557477708195,0.036962787388540974
right,0.648,3.686314277804394,3.686314277804394,0.0,-14.714147340343652,3.678536835085913,18.392684175429565,-0.0031109770873923182,0.0007777442718480796,0.0038887213592403978,-14.714147340343652,3.678536835085913,18.392684175429565,-0.031109770873923182,0.0077774427184807956,0.03888721359240398
right,0.65,3.7125760009231987,3.7125760009231987,0.0,-14.817569667436876,3.704392416859219,18.521962084296096,-0.0032734336255915058,0.0008183584063978764,0.004091792031989382,-14.817569667436876,3.704392416859219,18.521962084296096,-0.032734336255915056,0.008183584063978764,0.040917920319893816
right,0.652,3.7391732221113454,3.7391732221113454,0.0,-14.922243945965015,3.7305609864912537,18.65280493245627,-0.003444894248037018,0.0008612235620092545,0.004306117810046272,-14.922243945965015,3.7305609864912537,18.65280493245627,-0.03444894248037018,0.008612235620092544,0.04306117810046272
right,0.654,3.766112018778383,3.766112018778383,0.0,-15.02818915209374,3.757047288023435,18.785236440117174,-0.0036258923019793555,0.0009064730754948389,0.004532365377474194,-15.02818915209374,3.757047288023435,18.785236440117174,-0.036258923019793554,0.009064730754948389,0.04532365377474194
right,0.656,3.7933986054594886,3.7933986054594886,0.0,-15.135424471996958,3.7838561179992394,18.919280589996198,-0.0038169949841000625,0.0009542487460250156,0.004771243730125078,-15.135424471996958,3.7838561179992394,18.919280589996198,-0.038169949841000625,0.009542487460250156,0.047712437301250785
right,0.658,3.821039337215766,3.821039337215766,0.0,-15.24396929246609,3.8109923231165226,19.054961615582613,-0.004018805639697318,0.0010047014099243295,0.005023507049621647,-15.24396929246609,3.8109923231165226,19.054961615582613,-0.040188056396973176,0.010047014099243294,0.05023507049621647
right,0.66,3.849040713105585,3.849040713105585,0.0,-15.35384319013899,3.8384607975347476,19.19230398767374,-0.00423196622833471,0.0010579915570836775,0.005289957785418387,-15.35384319013899,3.8384607975347476,19.19230398767374,-0.0423196622833471,0.010579915570836774,0.05289957785418387
right,0.662,3.8774093797261493,3.8774093797261493,0.0,-15.465065919217452,3.866266479804363,19.331332399021814,-0.00445715996871484,0.00111428999217871,0.00557144996089355,-15.465065919217452,3.866266479804363,19.331332399021814,-0.0445715996871484,0.0111428999217871,0.0557144996089355
right,0.664,3.9061521348241732,3.9061521348241732,0.0,-15.577657397531032,3.894414349382758,19.47207174691379,-0.0046951141765657544,0.0011737785441414386,0.005868892720707193,-15.577657397531032,3.894414349382758,19.47207174691379,-0.046951141765657546,0.011737785441414387,0.05868892720707193
right,0.666,3.935275930974162,3.935275930974162,0.0,-15.69163769079225,3.9229094226980625,19.614547113490314,-0.0049466033104397615,0.0012366508276099404,0.006183254138049702,-15.69163769079225,3.9229094226980625,19.614547113490314,-0.049466033104397615,0.012366508276099404,0.06183254138049702
right,0.668,3.9647878793223756,3.9647878793223756,0.0,-15.807026994874223,3.9517567487185556,19.75878374359278,-0.005212452241528357,0.0013031130603820891,0.0065155653019104455,-15.807026994874223,3.9517567487185556,19.75878374359278,-0.052124522415283564,0.013031130603820891,0.06515565301910445
right,0.67,3.9946952533940943,3.9946952533940943,0.0,-15.923845615927359,3.9809614039818397,19.9048070199092,-0.005493539764901665,0.0013733849412254162,0.006866924706127081,-15.923845615927359,3.9809614039818397,19.9048070199092,-0.05493539764901665,0.013733849412254162,0.06866924706127081
right,0.672,4.025005492961277,4.025005492961277,0.0,-16.042113948135164,4.010528487033791,20.052642435168956,-0.005790802370994148,0.001447700592748537,0.0072385029637426854,-16.042113948135164,4.010528487033791,20.052642435168956,-0.057908023709941484,0.014477005927485371,0.07238502963742685
right,0.674,4.055726207967112,4.055726207967112,0.0,-16.16185244889155,4.040463112222888,20.20231556111444,-0.00610523829768958,0.001526309574422395,0.007631547872111975,-16.16185244889155,4.040463112222888,20.20231556111444,-0.0610523829768958,0.01526309574422395,0.07631547872111975
right,0.676,4.086865182503308,4.086865182503308,0.0,-16.28308161116306,4.070770402790765,20.353852013953823,-0.006437911885017427,0.0016094779712543567,0.008047389856271783,-16.28308161116306,4.070770402790765,20.353852013953823,-0.06437911885017426,0.016094779712543566,0.08047389856271783
right,0.678,4.118430378835257,4.118430378835257,0.0,-16.405821932778327,4.101455483194582,20.507277415972908,-0.006789958256270104,0.001697489564067526,0.00848744782033763,-16.405821932778327,4.101455483194582,20.507277415972908,-0.06789958256270104,0.01697489564067526,0.08487447820337629
right,0.68,4.150429941469363,4.150429941469363,0.0,-16.530093882364476,4.132523470591119,20.662617352955593,-0.007162588351297731,0.0017906470878244327,0.008953235439122163,-16.530093882364476,4.132523470591119,20.662617352955593,-0.0716258835129773,0.017906470878244325,0.08953235439122162
right,0.682,4.182872201255927,4.182872201255927,0.0,-16.655917861625248,4.163979465406312,20.819897327031562,-0.0075570943398461845,0.0018892735849615461,0.009446367924807731,-16.655917861625248,4.163979465406312,20.819897327031562,-0.07557094339846185,0.018892735849615462,0.0944636792480773
right,0.684,4.215765679520005,4.215765679520005,0.0,-16.783314163629132,4.195828540907283,20.979142704536414,-0.00797485544508889,0.0019937138612722226,0.009968569306361114,-16.783314163629132,4.195828540907283,20.979142704536414,-0.07974855445088891,0.019937138612722227,0.09968569306361114
right,0.686,4.249119092211469,4.249119092211469,0.0,-16.912302926746108,4.228075731686527,21.140378658432635,-0.008417344209976576,0.002104336052494144,0.01052168026247072,-16.912302926746108,4.228075731686527,21.140378658432635,-0.08417344209976577,0.02104336052494144,0.1052168026247072
right,0.6880000000000001,4.282941354064322,4.282941354064322,0.0,-17.04290408384021,4.260726020960052,21.303630104800263,-0.00888613324170805,0.0022215333104270126,0.011107666552135062,-17.04290408384021,4.260726020960052,21.303630104800263,-0.0888613324170805,0.022215333104270124,0.11107666552135062
right,0.6900000000000001,4.317241582753875,4.317241582753875,0.0,-17.175137306290257,4.293784326572564,21.46892163286282,-0.009382902472524393,0.0023457256181310983,0.011728628090655491,-17.175137306290257,4.293784326572564,21.46892163286282,-0.09382902472524393,0.023457256181310983,0.11728628090655491
right,0.6920000000000001,4.352029103038902,4.352029103038902,0.0,-17.309021942373935,4.327255485593484,21.636277427967418,-0.009909446978167043,0.0024773617445417607,0.012386808722708803,-17.309021942373935,4.327255485593484,21.636277427967418,-0.09909446978167043,0.024773617445417607,0.12386808722708803
right,0.6940000000000001,4.38731345087416,4.38731345087416,0.0,-17.444576949509297,4.361144237377324,21.805721186886622,-0.010467685398734439,0.0026169213496836097,0.013084606748418048,-17.444576949509297,4.361144237377324,21.805721186886622,-0.10467685398734439,0.026169213496836097,0.13084606748418048
right,0.6960000000000001,4.423104377476764,4.423104377476764,0.0,-17.581820819803628,4.395455204950907,21.977276024754534,-0.01105966901034269,0.0027649172525856724,0.013824586262928363,-17.581820819803628,4.395455204950907,21.977276024754534,-0.1105966901034269,0.027649172525856726,0.13824586262928362
right,0.6980000000000001,4.459411853327845,4.459411853327845,0.0,-17.72077149831175,4.430192874577937,22.150964372889685,-0.01168759149996347,0.0029218978749908676,0.014609489374954338,-17.72077149831175,4.430192874577937,22.150964372889685,-0.1168759149996347,0.029218978749908676,0.14609489374954338
right,0.7000000000000001,4.496246072088568,4.496246072088568,0.0,-17.861446293353282,4.4653615733383205,22.326807866691603,-0.012353799500098317,0.0030884498750245793,0.015442249375122896,-17.861446293353282,4.4653615733383205,22.326807866691603,-0.12353799500098317,0.030884498750245792,0.15442249375122896
right,0.7020000000000001,4.5336174544070404,4.5336174544070404,0.0,-18.0038617781824,4.5009654445456,22.504827222728,-0.01306080394457641,0.0032652009861441024,0.016326004930720513,-18.0038617781824,4.5009654445456,22.504827222728,-0.1306080394457641,0.032652009861441025,0.1632600493072051
right,0.704,4.571536651589784,4.571536651589784,0.0,-18.14803368324158,4.537008420810395,22.685042104051973,-0.013811292311755492,0.003452823077938873,0.017264115389694364,-18.14803368324158,4.537008420810395,22.685042104051973,-0.1381129231175549,0.03452823077938873,0.17264115389694362
right,0.706,4.610014549108346,4.610014549108346,0.0,-18.293976778165494,4.573494194541373,22.86747097270687,-0.01460814182678882,0.003652035456697205,0.018260177283486025,-18.293976778165494,4.573494194541373,22.86747097270687,-0.1460814182678882,0.03652035456697205,0.18260177283486026
right,0.708,4.649062269908074,4.649062269908074,0.0,-18.441704742628126,4.610426185657031,23.05213092828516,-0.015454433700417193,0.0038636084251042983,0.01931804212552149,-18.441704742628126,4.610426185657031,23.05213092828516,-0.15454433700417192,0.03863608425104298,0.1931804212552149
right,0.71,4.688691177482352,4.688691177482352,0.0,-18.59123002504955,4.647807506262388,23.23903753131194,-0.016353468487985162,0.0040883671219962905,0.020441835609981453,-18.59123002504955,4.647807506262388,23.23903753131194,-0.16353468487985162,0.040883671219962905,0.2044183560998145
right,0.712,4.728912878671268,4.728912878671268,0.0,-18.742563688094236,4.685640922023559,23.428204610117795,-0.017308782659083127,0.004327195664770782,0.02163597832385391,-18.742563688094236,4.685640922023559,23.428204610117795,-0.17308782659083127,0.04327195664770782,0.2163597832385391
right,0.714,4.76973922613907,4.76973922613907,0.0,-18.895715239802144,4.723928809950536,23.61964404975268,-0.018324166475414006,0.0045810416188535015,0.022905208094267507,-18.895715239802144,4.723928809950536,23.61964404975268,-0.18324166475414005,0.045810416188535014,0.22905208094267507
right,0.716,4.811182320479573,4.811182320479573,0.0,-19.050692449096353,4.762673112274088,23.81336556137044,-0.019403683282195095,0.004850920820548774,0.024254604102743868,-19.050692449096353,4.762673112274088,23.81336556137044,-0.19403683282195094,0.048509208205487736,0.24254604102743868
right,0.718,4.853254511893047,4.853254511893047,0.0,-19.20750114430561,4.8018752860764025,24.009376430382012,-0.0205516903266572,0.0051379225816643,0.0256896129083215,-19.20750114430561,4.8018752860764025,24.009376430382012,-0.205516903266572,0.051379225816643,0.25689612908321496
right,0.72,4.895968401371785,4.895968401371785,0.0,-19.366144993227003,4.841536248306751,24.207681241533756,-0.02177286122601413,0.005443215306503532,0.02721607653251766,-19.366144993227003,4.841536248306751,24.207681241533756,-0.21772861226014129,0.05443215306503532,0.27216076532517663
right,0.722,4.939336841324701,4.939336841324701,0.0,-19.526625263132168,4.881656315783042,24.408281578915208,-0.023072210216663648,0.005768052554165912,0.02884026277082956,-19.526625263132168,4.881656315783042,24.408281578915208,-0.23072210216663647,0.05768052554165912,0.2884026277082956
right,0.724,4.983372935563718,4.983372935563718,0.0,-19.688940558991273,4.922235139747818,24.611175698739093,-0.024455118326359774,0.0061137795815899435,0.030568897907949717,-19.688940558991273,4.922235139747818,24.611175698739093,-0.24455118326359773,0.06113779581589943,0.30568897907949716
right,0.726,5.028090038566282,5.028090038566282,0.0,-19.85308653804844,4.96327163451211,24.81635817256055,-0.025927361621668366,0.006481840405417091,0.03240920202708546,-19.85308653804844,4.96327163451211,24.81635817256055,-0.25927361621668366,0.06481840405417091,0.3240920202708546
right,0.728,5.073501753919248,5.073501753919248,0.0,-20.01905559873512,5.00476389968378,25.023819498418902,-0.02749514169418742,0.006873785423546855,0.034368927117734274,-20.01905559873512,5.00476389968378,25.023819498418902,-0.2749514169418742,0.06873785423546855,0.3436892711773427
right,0.73,5.119621931839209,5.119621931839209,0.0,-20.186836541749212,5.046709135437303,25.233545677186516,-0.029165118560761902,0.007291279640190476,0.03645639820095238,-20.186836541749212,5.046709135437303,25.233545677186516,-0.29165118560761905,0.07291279640190476,0.3645639820095238
right,0.732,5.1664646656533115,5.1664646656533115,0.0,-20.35641420096096,5.08910355024024,25.445517751201198,-0.030944446165229227,0.007736111541307307,0.038680557706536535,-20.35641420096096,5.08910355024024,25.445517751201198,-0.3094444616522923,0.07736111541307307,0.38680557706536534
right,0.734,5.2140442871124115,5.2140442871124115,0.0,-20.52776904162914,5.131942260407285,25.659711302036424,-0.03284081068205047,0.008210202670512617,0.04105101335256309,-20.52776904162914,5.131942260407285,25.659711302036424,-0.3284081068205047,0.08210202670512617,0.41051013352563087
right,0.736,5.262375360395149,5.262375360395149,0.0,-20.70087672322606,5.175219180806515,25.876095904032574,-0.034862471835454045,0.008715617958863511,0.04357808979431756,-20.70087672322606,5.175219180806515,25.876095904032574,-0.34862471835454045,0.08715617958863511,0.43578089794317554
right,0.738,5.311472674646887,5.311472674646887,0.0,-20.87570762397405,5.218926905993513,26.094634529967564,-0.03701830746134986,0.009254576865337465,0.04627288432668733,-20.87570762397405,5.218926905993513,26.094634529967564,-0.37018307461349864,0.09254576865337466,0.4627288432668733
right,0.74,5.3613512348815835,5.3613512348815835,0.0,-21.05222632399484,5.26305658099871,26.315282904993552,-0.039317861553149834,0.009829465388287459,0.049147326941437294,-21.05222632399484,5.26305658099871,26.315282904993552,-0.39317861553149835,0.09829465388287459,0.49147326941437297
right,0.742,5.4120262510571875,5.4120262510571875,0.0,-21.230391043762857,5.307597760940714,26.537988804703573,-0.041771396046589276,0.010442849011647319,0.052214245058236596,-21.230391043762857,5.307597760940714,26.537988804703573,-0.41771396046589276,0.10442849011647319,0.522142450582366
right,0.744,5.463513125116223,5.463513125116223,0.0,-21.410153034340016,5.352538258585004,26.76269129292502,-0.044389946612487595,0.011097486653121899,0.055487433265609495,-21.410153034340016,5.352538258585004,26.76269129292502,-0.44389946612487596,0.11097486653121899,0.554874332656095
right,0.746,5.515827435762495,5.515827435762495,0.0,-21.5914559156515,5.397863978912875,26.989319894564375,-0.047185382739848396,0.011796345684962099,0.058981728424810496,-21.5914559156515,5.397863978912875,26.989319894564375,-0.47185382739848397,0.11796345684962099,0.589817284248105
right,0.748,5.568984920722411,5.568984920722411,0.0,-21.774234958845042,5.443558739711261,27.217793698556303,-0.05017047240446002,0.012542618101115005,0.06271309050557503,-21.774234958845042,5.443558739711261,27.217793698556303,-0.5017047240446002,0.12542618101115005,0.6271309050557503
right,0.75,5.623001456214986,5.623001456214986,0.0,-21.958416308561883,5.489604077140471,27.448020385702353,-0.053358951629805376,0.013339737907451344,0.06669868953725672,-21.958416308561883,5.489604077140471,27.448020385702353,-0.5335895162980537,0.13339737907451343,0.6669868953725672
right,0.752,5.67789303332821,5.67789303332821,0.0,-22.143916140741542,5.5359790351853855,27.679895175926926,-0.056765599257129574,0.014191399814282394,0.07095699907141197,-22.143916140741542,5.5359790351853855,27.679895175926926,-0.5676559925712957,0.14191399814282393,0.7095699907141196
right,0.754,5.73367573097089,5.73367573097089,0.0,-22.33063975139026,5.582659937847565,27.913299689237828,-0.06040631724932943,0.015101579312332358,0.07550789656166179,-22.33063975139026,5.582659937847565,27.913299689237828,-0.6040631724932943,0.15101579312332358,0.7550789656166179
right,0.756,5.790365685038389,5.790365685038389,0.0,-22.518480571571768,5.629620142892942,28.14810071446471,-0.06429821685817914,0.016074554214544786,0.08037277107272393,-22.518480571571768,5.629620142892942,28.14810071446471,-0.6429821685817915,0.16074554214544787,0.8037277107272394
right,0.758,5.847979053397595,5.847979053397595,0.0,-22.70731910373651,5.676829775934127,28.384148879670636,-0.06845971098538745,0.01711492774634686,0.0855746387317343,-22.70731910373651,5.676829775934127,28.384148879670636,-0.6845971098538745,0.1711492774634686,0.8557463873173431
right,0.76,5.906531976261182,5.906531976261182,0.0,-22.897021774404543,5.724255443601136,28.62127721800568,-0.0729106130640192,0.0182276532660048,0.091138266330024,-22.897021774404543,5.724255443601136,28.62127721800568,-0.729106130640192,0.182276532660048,0.91138266330024
right,0.762,5.966040531483496,5.966040531483496,0.0,-23.087439698167866,5.771859924541967,28.859299622709834,-0.07767224277661117,0.01941806069415279,0.09709030347076396,-23.087439698167866,5.771859924541967,28.859299622709834,-0.7767224277661117,0.19418060694152792,0.9709030347076396
right,0.764,6.0265206842704435,6.0265206842704435,0.0,-23.27840734799839,5.819601836999597,29.098009184997984,-0.0827675389083382,0.02069188472708455,0.10345942363542275,-23.27840734799839,5.819601836999597,29.098009184997984,-0.827675389083382,0.2069188472708455,1.0345942363542275
right,0.766,6.087988230753543,6.087988230753543,0.0,-23.469741126953917,5.867435281738479,29.337176408692397,-0.08822117960602582,0.022055294901506456,0.11027647450753228,-23.469741126953917,5.867435281738479,29.337176408692397,-0.8822117960602582,0.22055294901506456,1.1027647450753228
right,0.768,6.150458734834025,6.150458734834025,0.0,-23.66123783659084,5.91530945914771,29.57654729573855,-0.09405971027452567,0.023514927568631418,0.11757463784315708,-23.66123783659084,5.91530945914771,29.57654729573855,-0.9405971027452567,0.23514927568631416,1.1757463784315707
right,0.77,6.2139474576567935,6.2139474576567935,0.0,-23.85267303774243,5.963168259435608,29.81584129717804,-0.1003116792884753,0.025077919822118825,0.12538959911059414,-23.85267303774243,5.963168259435608,29.81584129717804,-1.003116792884753,0.25077919822118827,1.2538959911059413
right,0.772,6.278469279026439,6.278469279026439,0.0,-24.043799299837282,6.0109498249593205,30.0547491247966,-0.10700778162684728,0.02675194540671182,0.1337597270335591,-24.043799299837282,6.0109498249593205,30.0547491247966,-1.0700778162684728,0.2675194540671182,1.337597270335591
right,0.774,6.344038610029011,6.344038610029011,0.0,-24.234344335650007,6.058586083912502,30.29293041956251,-0.11418101044660431,0.028545252611651077,0.1427262630582554,-24.234344335650007,6.058586083912502,30.29293041956251,-1.1418101044660431,0.2854525261165108,1.427262630582554
right,0.776,6.410669296074274,6.410669296074274,0.0,-24.42400901933365,6.106002254833412,30.530011274167062,-0.121866816496344,0.030466704124086,0.15233352062042999,-24.42400901933365,6.106002254833412,30.530011274167062,-1.2186681649634399,0.30466704124085997,1.5233352062042997
right,0.778,6.47837450952485,6.47837450952485,0.0,-24.61246528683283,6.153116321708207,30.765581608541037,-0.13010327512665656,0.03252581878166414,0.1626290939083207,-24.61246528683283,6.153116321708207,30.765581608541037,-1.3010327512665656,0.3252581878166414,1.626290939083207
right,0.78,6.547166631031766,6.547166631031766,0.0,-24.799353919366837,6.199838479841709,30.999192399208546,-0.13893126047602222,0.034732815119005556,0.17366407559502778,-24.799353919366837,6.199838479841709,30.999192399208546,-1.3893126047602222,0.34732815119005556,1.736640755950278
right,0.782,6.617057118652095,6.617057118652095,0.0,-24.98428221266963,6.2460705531674074,31.230352765837036,-0.14839462619387564,0.03709865654846891,0.18549328274234456,-24.98428221266963,6.2460705531674074,31.230352765837036,-1.4839462619387565,0.3709865654846891,1.8549328274234456
right,0.784,6.688056363785095,6.688056363785095,0.0,-25.166821537143143,6.291705384285786,31.458526921428927,-0.15854039179972282,0.039635097949930705,0.19817548974965352,-25.166821537143143,6.291705384285786,31.458526921428927,-1.5854039179972281,0.39635097949930703,1.981754897496535
right,0.786,6.760173532930702,6.760173532930702,0.0,-25.346504797101648,6.336626199275412,31.68313099637706,-0.16941893346211664,0.04235473336552916,0.2117736668276458,-25.346504797101648,6.336626199275412,31.68313099637706,-1.6941893346211665,0.4235473336552916,2.117736668276458
right,0.788,6.833416394250857,6.833416394250857,0.0,-25.522823800938625,6.380705950234656,31.90352975117328,-0.18108417760648005,0.04527104440162001,0.22635522200810004,-25.522823800938625,6.380705950234656,31.90352975117328,-1.8108417760648003,0.4527104440162001,2.2635522200810003
right,0.79,6.9077911279030655,6.9077911279030655,0.0,-25.695226558428285,6.423806639607071,32.11903319803535,-0.19359379531839835,0.04839844882959959,0.24199224414799794,-25.695226558428285,6.423806639607071,32.11903319803535,-1.9359379531839835,0.4839844882959959,2.4199224414799794
right,0.792,6.9833021191202675,6.9833021191202675,0.0,-25.86311452657205,6.465778631643013,32.32889315821507,-0.20700939499090174,0.051752348747725434,0.25876174373862715,-25.86311452657205,6.465778631643013,32.32889315821507,-2.070093949909017,0.5175234874772543,2.5876174373862715
right,0.794,7.059951733035923,7.059951733035923,0.0,-26.02583983152117,6.506459957880293,32.53229978940146,-0.22139671006225276,0.05534917751556319,0.27674588757781593,-26.02583983152117,6.506459957880293,32.53229978940146,-2.2139671006225274,0.5534917751556319,2.7674588757781593
right,0.796,7.137740070303052,7.137740070303052,0.0,-26.18270250124363,6.545675625310907,32.72837812655454,-0.2368257779968586,0.05920644449921465,0.29603222249607325,-26.18270250124363,6.545675625310907,32.72837812655454,-2.368257779968586,0.5920644449921465,2.9603222249607324
right,0.798,7.216664702636639,7.216664702636639,0.0,-26.332947751856658,6.583236937964164,32.916184689820824,-0.25337110586898964,0.06334277646724741,0.31671388233623704,-26.332947751856658,6.583236937964164,32.916184689820824,-2.5337110586898963,0.6334277646724741,3.1671388233623703
right,0.8,7.296720387526776,7.296720387526776,0.0,-26.475763379995556,6.618940844998889,33.094704224994445,-0.2711118170111549,0.06777795425278872,0.3388897712639436,-26.475763379995556,6.618940844998889,33.094704224994445,-2.7111181701115488,0.6777795425278872,3.388897712639436
right,0.802,7.3778987615326885,7.3778987615326885,0.0,-26.610277324304143,6.652569331076036,33.26284665538018,-0.29013177218266095,0.07253294304566524,0.3626647152283262,-26.610277324304143,6.652569331076036,33.26284665538018,-2.9013177218266097,0.7253294304566524,3.626647152283262
right,0.804,7.460188011783592,7.460188011783592,0.0,-26.73555547114744,6.68388886778686,33.4194443389343,-0.31051965759869266,0.07762991439967316,0.3881495719983658,-26.73555547114744,6.68388886778686,33.4194443389343,-3.1051965759869264,0.7762991439967316,3.881495719983658
right,0.806,7.543572525590132,7.543572525590132,0.0,-26.850599792957002,6.7126499482392505,33.56324974119625,-0.33236903094035164,0.08309225773508791,0.4154612886754395,-26.850599792957002,6.7126499482392505,33.56324974119625,-3.323690309403516,0.830922577350879,4.154612886754395
right,0.808,7.628032518419897,7.628032518419897,0.0,-26.95434692216148,6.73858673054037,33.69293365270185,-0.35577831515181135,0.08894457878795284,0.44472289393976416,-26.95434692216148,6.73858673054037,33.69293365270185,-3.5577831515181133,0.8894457878795283,4.447228939397641
right,0.81,7.713543640922229,7.713543640922229,0.0,-27.04566727928518,6.761416819821295,33.807084099106476,-0.38085072844037277,0.09521268211009319,0.47606341055046597,-27.04566727928518,6.761416819821295,33.807084099106476,-3.8085072844037278,0.9521268211009319,4.76063410550466
right,0.812,7.800076566211826,7.800076566211826,0.0,-27.123364890274544,6.780841222568636,33.904206112843184,-0.4076941374572766,0.10192353436431915,0.5096176718215958,-27.123364890274544,6.780841222568636,33.904206112843184,-4.076941374572766,1.0192353436431916,5.096176718215958
right,0.8140000000000001,7.887596559247755,7.887596559247755,0.0,-27.186178045063485,6.796544511265871,33.98272255632936,-0.43642081919275366,0.10910520479818842,0.5455260239909421,-27.186178045063485,6.796544511265871,33.98272255632936,-4.364208191927537,1.0910520479818842,5.455260239909421
right,0.8160000000000001,7.976063030883838,7.976063030883838,0.0,-27.2327809662909,6.808195241572725,34.04097620786362,-0.4671471157244446,0.11678677893111115,0.5839338946555558,-27.2327809662909,6.808195241572725,34.04097620786362,-4.671471157244446,1.1678677893111116,5.839338946555558
right,0.8180000000000001,8.065429080025984,8.065429080025984,0.0,-27.261786673220314,6.8154466683050785,34.07723334152539,-0.49999296468836324,0.12499824117209081,0.6249912058604541,-27.261786673220314,6.8154466683050785,34.07723334152539,-4.999929646883633,1.2499824117209082,6.249912058604541
right,0.8200000000000001,8.155641028317435,8.155641028317435,0.0,-27.271751240359038,6.817937810089759,34.0896890504488,-0.5350812872910706,0.13377032182276766,0.6688516091138383,-27.271751240359038,6.817937810089759,34.0896890504488,-5.350812872910707,1.3377032182276767,6.688516091138384
right,0.8220000000000001,8.246637952885816,8.246637952885816,0.0,-27.261179661858986,6.815294915464746,34.07647457732373,-0.5725372149684281,0.14313430374210703,0.7156715187105351,-27.261179661858986,6.815294915464746,34.07647457732373,-5.725372149684281,1.4313430374210703,7.156715187105352
right,0.8240000000000001,8.338351223923214,8.338351223923214,0.0,-27.22853354007159,6.807133385017898,34.03566692508949,-0.6124871355621253,0.15312178389053133,0.7656089194526566,-27.22853354007159,6.807133385017898,34.03566692508949,-6.124871355621253,1.5312178389053133,7.656089194526566
right,0.8260000000000001,8.430704055222277,8.430704055222277,0.0,-27.17224081792568,6.79306020448142,33.9653010224071,-0.6550575402963436,0.1637643850740859,0.8188219253704294,-27.17224081792568,6.79306020448142,33.9653010224071,-6.550575402963435,1.6376438507408588,8.188219253704293
right,0.8280000000000001,8.523611077239154,8.523611077239154,0.0,-27.090707768137907,6.772676942034477,33.86338471017238,-0.7003736540818709,0.17509341352046773,0.8754670676023386,-27.090707768137907,6.772676942034477,33.86338471017238,-7.003736540818709,1.7509341352046772,8.754670676023386
right,0.8300000000000001,8.616977943769093,8.616977943769093,0.0,-26.98233343547498,6.745583358868745,33.72791679434373,-0.7485578339601385,0.18713945849003463,0.9356972924501732,-26.98233343547498,6.745583358868745,33.72791679434373,-7.4855783396013855,1.8713945849003464,9.356972924501733
right,0.8320000000000001,8.710700984861349,8.710700984861349,0.0,-26.84552669903492,6.71138167475873,33.55690837379365,-0.7997277240410463,0.19993193101026158,0.9996596550513079,-26.84552669903492,6.71138167475873,33.55690837379365,-7.9972772404104635,1.9993193101026159,9.996596550513079
right,0.834,8.804666920111474,8.804666920111474,0.0,-26.67872607744776,6.66968151936194,33.3484075968097,-0.8539941602998148,0.2134985400749537,1.0674927003747685,-26.67872607744776,6.66968151936194,33.3484075968097,-8.539941602998148,2.134985400749537,10.674927003747685
right,0.836,8.898752647879816,8.898752647879816,0.0,-26.4804223387874,6.62010558469685,33.10052792348425,-0.9114588252731853,0.22786470631829633,1.1393235315914816,-26.4804223387874,6.62010558469685,33.10052792348425,-9.114588252731853,2.278647063182963,11.393235315914815
right,0.838,8.992825127207844,8.992825127207844,0.0,-26.24918389697684,6.56229597424421,32.81147987122105,-0.9722116611854543,0.24305291529636358,1.215264576481818,-26.24918389697684,6.56229597424421,32.81147987122105,-9.722116611854544,2.430529152963636,12.15264576481818
right,0.84,9.086741370135611,9.086741370135611,0.0,-25.98368487633219,6.495921219083048,32.479606095415235,-1.0363280604210259,0.25908201510525647,1.2954100755262823,-25.98368487633219,6.495921219083048,32.479606095415235,-10.363280604210258,2.5908201510525646,12.954100755262823
right,0.842,9.180348562646074,9.180348562646074,0.0,-25.682735605384817,6.420683901346204,32.10341950673102,-1.1038658645199484,0.2759664661299871,1.3798323306499354,-25.682735605384817,6.420683901346204,32.10341950673102,-11.038658645199483,2.7596646612998708,13.798323306499354
right,0.844,9.273484332446913,9.273484332446913,0.0,-25.34531516133267,6.336328790333168,31.68164395166584,-1.1748622168454987,0.2937155542113747,1.4685777710568735,-25.34531516133267,6.336328790333168,31.68164395166584,-11.748622168454988,2.937155542113747,14.685777710568734
right,0.846,9.365977181113857,9.365977181113857,0.0,-24.970605430221156,6.242651357555289,31.213256787776444,-1.2493303294234264,0.3123325823558566,1.5616629117792828,-24.970605430221156,6.242651357555289,31.213256787776444,-12.493303294234263,3.1233258235585657,15.61662911779283
right,0.848,9.457647096630373,9.457647096630373,0.0,-24.558025980111218,6.139506495027804,30.69753247513902,-1.3272562406410289,0.3318140601602572,1.6590703008012861,-24.558025980111218,6.139506495027804,30.69753247513902,-13.27256240641029,3.3181406016025723,16.590703008012863
right,0.85,9.548306359948976,9.548306359948976,0.0,-24.107268872247477,6.026817218061869,30.134086090309346,-1.4085956567548419,0.35214891418871047,1.7607445709435523,-24.107268872247477,6.026817218061869,30.134086090309346,-14.085956567548418,3.5214891418871046,17.607445709435524
right,0.852,9.63776055577807,9.63776055577807,0.0,-23.61833236819369,5.904583092048423,29.522915460242114,-1.4932709854918595,0.3733177463729649,1.8665887318648244,-23.61833236819369,5.904583092048423,29.522915460242114,-14.932709854918595,3.733177463729649,18.665887318648245
right,0.854,9.725809793313449,9.725809793313449,0.0,-23.091552340930868,5.772888085232717,28.864440426163583,-1.5811686832322938,0.39529217080807344,1.9764608540403672,-23.091552340930868,5.772888085232717,28.864440426163583,-15.811686832322938,3.9529217080807344,19.76460854040367
right,0.856,9.81225013709055,9.81225013709055,0.0,-22.527630078751223,5.631907519687806,28.15953759843903,-1.672137046961098,0.4180342617402745,2.0901713087013727,-22.527630078751223,5.631907519687806,28.15953759843903,-16.72137046961098,4.180342617402745,20.901713087013725
right,0.858,9.8968752416064,9.8968752416064,0.0,-21.927655097229557,5.481913774307389,27.409568871536948,-1.765984586919605,0.44149614672990123,2.207480733649506,-21.927655097229557,5.481913774307389,27.409568871536948,-17.659845869196047,4.414961467299012,22.07480733649506
right,0.86,9.9794781760055,9.9794781760055,0.0,-21.29312156136616,5.32328039034154,26.6164019517077,-1.8624791142655837,0.4656197785663959,2.3280988928319797,-21.29312156136616,5.32328039034154,26.6164019517077,-18.624791142655837,4.656197785663959,23.280988928319797
right,0.862,10.059853417186703,10.059853417186703,0.0,-20.625936980397164,5.156484245099291,25.782421225496456,-1.9613476688349651,0.4903369172087413,2.451684586043706,-20.625936980397164,5.156484245099291,25.782421225496456,-19.61347668834965,4.903369172087412,24.516845860437062
right,0.864,10.137798981501941,10.137798981501941,0.0,-19.92842198177368,4.98210549544342,24.9105274772171,-2.0622773944234067,0.5155693486058517,2.5778467430292586,-19.92842198177368,4.98210549544342,24.9105274772171,-20.62277394423407,5.155693486058517,25.778467430292586
right,0.866,10.213118657195624,10.213118657195624,0.0,-19.203300203464618,4.8008250508661545,24.004125254330773,-2.1649174425317863,0.5412293606329466,2.706146803164733,-19.203300203464618,4.8008250508661545,24.004125254330773,-21.649174425317863,5.412293606329466,27.06146803164733
right,0.868,10.285624292349404,10.285624292349404,0.0,-18.45367766352031,4.613419415880077,23.067097079400387,-2.2688819505877302,0.5672204876469326,2.8361024382346627,-18.45367766352031,4.613419415880077,23.067097079400387,-22.6888195058773,5.672204876469325,28.361024382346628
right,0.87,10.355138086855845,10.355138086855845,0.0,-17.68301136349958,4.420752840874895,22.103764204374478,-2.373754098392381,0.5934385245980952,2.967192622990476,-17.68301136349958,4.420752840874895,22.103764204374478,-23.737540983923807,5.934385245980952,29.67192622990476
right,0.872,10.421494832344564,10.421494832344564,0.0,-16.895067340464472,4.223766835116118,21.118834175580588,-2.4790911988913797,0.6197727997228449,3.098863998614225,-16.895067340464472,4.223766835116118,21.118834175580588,-24.7909119889138,6.19772799722845,30.988639986142246
right,0.874,10.484544041473193,10.484544041473193,0.0,-16.09386887557971,4.023467218894927,20.117336094474638,-2.584430729031306,0.6461076822578266,3.2305384112891327,-16.09386887557971,4.023467218894927,20.117336094474638,-25.84430729031306,6.461076822578265,32.305384112891325
right,0.876,10.544151907923682,10.544151907923682,0.0,-15.283636064416955,3.8209090161042387,19.104545080521195,-2.6892971567277795,0.6723242891819449,3.3616214459097242,-15.283636064416955,3.8209090161042387,19.104545080521195,-26.892971567277794,6.7232428918194485,33.61621445909724
right,0.878,10.600203041023809,10.600203041023809,0.0,-14.46871841952308,3.61717960488077,18.08589802440385,-2.7932093744572146,0.6983023436143037,3.4915117180715183,-14.46871841952308,3.61717960488077,18.08589802440385,-27.932093744572146,6.9830234361430366,34.915117180715185
right,0.88,10.652601924184204,10.652601924184204,0.0,-13.65352257375759,3.4133806434393974,17.066903217196987,-2.8956885122979212,0.7239221280744803,3.6196106403724015,-13.65352257375759,3.4133806434393974,17.066903217196987,-28.956885122979212,7.239221280744803,36.196106403724016
right,0.882,10.701274054152092,10.701274054152092,0.0,-12.842437450543267,3.2106093626358168,16.053046813179083,-2.9962658766065093,0.7490664691516273,3.7453323457581367,-12.842437450543267,3.2106093626358168,16.053046813179083,-29.962658766065093,7.490664691516273,37.45332345758137
right,0.884,10.746166728093414,10.746166728093414,0.0,-12.03975943848249,3.0099398596206224,15.049699298103112,-3.0944907473891163,0.7736226868472791,3.8681134342363954,-12.03975943848249,3.0099398596206224,15.049699298103112,-30.944907473891163,7.736226868472791,38.681134342363954
right,0.886,10.7872494572127,10.7872494572127,0.0,-11.249620136592139,2.8124050341480347,14.062025170740174,-3.189937769225866,0.7974844423064665,3.9874222115323326,-11.249620136592139,2.8124050341480347,14.062025170740174,-31.89937769225866,7.974844423064665,39.87422211532333
right,0.888,10.824513998360343,10.824513998360343,0.0,-10.47591911842444,2.61897977960611,13.09489889803055,-3.2822136875016947,0.8205534218754237,4.102767109377118,-10.47591911842444,2.61897977960611,13.09489889803055,-32.822136875016945,8.205534218754236,41.02767109377118
right,0.89,10.857974008134777,10.857974008134777,0.0,-9.722263906853632,2.430565976713408,12.15282988356704,-3.3709632125685483,0.8427408031421371,4.213704015710685,-9.722263906853632,2.430565976713408,12.15282988356704,-33.70963212568548,8.42740803142137,42.13704015710685
right,0.892,10.887664336619872,10.887664336619872,0.0,-8.991918976345023,2.2479797440862557,11.239898720431277,-3.4558738370134483,0.8639684592533621,4.319842296266811,-8.991918976345023,2.2479797440862557,11.239898720431277,-34.558738370134485,8.639684592533621,43.198422962668104
right,0.894,10.913639989407544,10.913639989407544,0.0,-8.28776513563215,2.0719412839080373,10.359706419540187,-3.536679482199803,0.8841698705499508,4.420849352749753,-8.28776513563215,2.0719412839080373,10.359706419540187,-35.36679482199803,8.841698705499507,44.20849352749754
right,0.896,10.935974796346727,10.935974796346727,0.0,-7.6122701267119375,1.9030675316779844,9.515337658389921,-3.6131629058674974,0.9032907264668744,4.516453632334372,-7.6122701267119375,1.9030675316779844,9.515337658389921,-36.131629058674974,9.032907264668744,45.16453632334372
right,0.898,10.954759833083436,10.954759833083436,0.0,-6.96747074412866,1.741867686032165,8.709338430160825,-3.685156858820511,0.9212892147051277,4.606446073525639,-6.96747074412866,1.741867686032165,8.709338430160825,-36.85156858820511,9.212892147051278,46.06446073525639
right,0.9,10.970101646638412,10.970101646638412,0.0,-6.354966268382394,1.5887415670955984,7.943707835477992,-3.7525440318171244,0.9381360079542811,4.690680039771405,-6.354966268382394,1.5887415670955984,7.943707835477992,-37.52544031817124,9.38136007954281,46.90680039771405
right,0.902,10.982120338917623,10.982120338917623,0.0,-5.775922550815462,1.4439806377038655,7.219903188519328,-3.815255880485503,0.9538139701213757,4.769069850606878,-5.775922550815462,1.4439806377038655,7.219903188519328,-38.152558804855026,9.538139701213757,47.690698506068784
right,0.904,10.99094756224941,10.99094756224941,0.0,-5.231085708952946,1.3077714272382366,6.538857136191183,-3.8732704540044707,0.9683176135011177,4.8415880675055885,-5.231085708952946,1.3077714272382366,6.538857136191183,-38.73270454004471,9.683176135011177,48.41588067505589
right,0.906,10.996724479022468,10.996724479022468,0.0,-4.720804106627127,1.1802010266567817,5.901005133283909,-3.926609380946276,0.981652345236569,4.908261726182845,-4.720804106627127,1.1802010266567817,5.901005133283909,-39.26609380946276,9.81652345236569,49.082617261828446
right,0.908,10.999599733606615,10.999599733606615,0.0,-4.245057108806197,1.0612642772015493,5.306321386007746,-3.9753341825620256,0.9938335456405064,4.969167728202532,-4.245057108806197,1.0612642772015493,5.306321386007746,-39.753341825620254,9.938335456405063,49.69167728202532
right,0.91,11.0,11.0,0.0,1.0,1.0,0.0,1.0,1.0,0.0,1.0,1.0,0.0,10.0,10.0,0.0
right,0.912,11.0,11.0,0.0,1.0,1.0,0.0,1.0,1.0,0.0,1.0,1.0,0.0,10.0,10.0,0.0
right,0.914,11.0,11.0,0.0,1.0,1.0,0.0,1.0,1.0,0.0,1.0,1.0,0.0,10.0,10.0,0.0
right,0.916,11.0,11.0,0.0,1.0,1.0,0.0,1.0,1.0,0.0,1.0,1.0,0.0,10.0,10.0,0.0
right,0.918,11.0,11.0,0.0,1.0,1.0,0.0,1.0,1.0,0.0,1.0,1.0,0.0,10.0,10.0,0.0
right,0.92,11.0,11.0,0.0,1.0,1.0,0.0,1.0,1.0,0.0,1.0,1.0,0.0,10.0,10.0,0.0
right,0.922,11.0,11.0,0.0,1.0,1.0,0.0,1.0,1.0,0.0,1.0,1.0,0.0,10.0,10.0,0.0
right,0.924,11.0,11.0,0.0,1.0,1.0,0.0,1.0,1.0,0.0,1.0,1.0,0.0,10.0,10.0,0.0
right,0.926,11.0,11.0,0.0,1.0,1.0,0.0,1.0,1.0,0.0,1.0,1.0,0.0,10.0,10.0,0.0
right,0.928,11.0,11.0,0.0,1.0,1.0,0.0,1.0,1.0,0.0,1.0,1.0,0.0,10.0,10.0,0.0
right,0.93,11.0,11.0,0.0,1.0,1.0,0.0,1.0,1.0,0.0,1.0,1.0,0.0,10.0,10.0,0.0
right,0.932,11.0,11.0,0.0,1.0,1.0,0.0,1.0,1.0,0.0,1.0,1.0,0.0,10.0,10.0,0.0
right,0.934,11.0,11.0,0.0,1.0,1.0,0.0,1.0,1.0,0.0,1.0,1.0,0.0,10.0,10.0,0.0
right,0.936,11.0,11.0,0.0,1.0,1.0,0.0,1.0,1.0,0.0,1.0,1.0,0.0,10.0,10.0,0.0
right,0.9380000000000001,11.0,11.0,0.0,1.0,1.0,0.0,1.0,1.0,0.0,1.0,1.0,0.0,10.0,10.0,0.0
right,0.9400000000000001,11.0,11.0,0.0,1.0,1.0,0.0,1.0,1.0,0.0,1.0,1.0,0.0,10.0,10.0,0.0
right,0.9420000000000001,11.0,11.0,0.0,1.0,1.0,0.0,1.0,1.0,0.0,1.0,1.0,0.0,10.0,10.0,0.0
right,0.9440000000000001,11.0,11.0,0.0,1.0,1.0,0.0,1.0,1.0,0.0,1.0,1.0,0.0,10.0,10.0,0.0
right,0.9460000000000001,11.0,11.0,0.0,1.0,1.0,0.0,1.0,1.0,0.0,1.0,1.0,0.0,10.0,10.0,0.0
right,0.9480000000000001,11.0,11.0,0.0,1.0,1.0,0.0,1.0,1.0,0.0,1.0,1.0,0.0,10.0,10.0,0.0
right,0.9500000000000001,11.0,11.0,0.0,1.0,1.0,0.0,1.0,1.0,0.0,1.0,1.0,0.0,10.0,10.0,0.0
right,0.9520000000000001,11.0,11.0,0.0,1.0,1.0,0.0,1.0,1.0,0.0,1.0,1.0,0.0,10.0,10.0,0.0
right,0.9540000000000001,11.0,11.0,0.0,1.0,1.0,0.0,1.0,1.0,0.0,1.0,1.0,0.0,10.0,10.0,0.0
right,0.9560000000000001,11.0,11.0,0.0,1.0,1.0,0.0,1.0,1.0,0.0,1.0,1.0,0.0,10.0,10.0,0.0
right,0.9580000000000001,11.0,11.0,0.0,1.0,1.0,0.0,1.0,1.0,0.0,1.0,1.0,0.0,10.0,10.0,0.0
right,0.96,11.0,11.0,0.0,1.0,1.0,0.0,1.0,1.0,0.0,1.0,1.0,0.0,10.0,10.0,0.0
right,0.962,11.0,11.0,0.0,1.0,1.0,0.0,1.0,1.0,0.0,1.0,1.0,0.0,10.0,10.0,0.0
right,0.964,11.0,11.0,0.0,1.0,1.0,0.0,1.0,1.0,0.0,1.0,1.0,0.0,10.0,10.0,0.0
right,0.966,11.0,11.0,0.0,1.0,1.0,0.0,1.0,1.0,0.0,1.0,1.0,0.0,10.0,10.0,0.0
right,0.968,11.0,11.0,0.0,1.0,1.0,0.0,1.0,1.0,0.0,1.0,1.0,0.0,10.0,10.0,0.0
right,0.97,11.0,11.0,0.0,1.0,1.0,0.0,1.0,1.0,0.0,1.0,1.0,0.0,10.0,10.0,0.0
right,0.972,11.0,11.0,0.0,1.0,1.0,0.0,1.0,1.0,0.0,1.0,1.0,0.0,10.0,10.0,0.0
right,0.974,11.0,11.0,0.0,1.0,1.0,0.0,1.0,1.0,0.0,1.0,1.0,0.0,10.0,10.0,0.0
right,0.976,11.0,11.0,0.0,1.0,1.0,0.0,1.0,1.0,0.0,1.0,1.0,0.0,10.0,10.0,0.0
right,0.978,11.0,11.0,0.0,1.0,1.0,0.0,1.0,1.0,0.0,1.0,1.0,0.0,10.0,10.0,0.0
right,0.98,11.0,11.0,0.0,1.0,1.0,0.0,1.0,1.0,0.0,1.0,1.0,0.0,10.0,10.0,0.0
right,0.982,11.0,11.0,0.0,1.0,1.0,0.0,1.0,1.0,0.0,1.0,1.0,0.0,10.0,10.0,0.0
right,0.984,11.0,11.0,0.0,1.0,1.0,0.0,1.0,1.0,0.0,1.0,1.0,0.0,10.0,10.0,0.0
right,0.986,11.0,11.0,0.0,1.0,1.0,0.0,1.0,1.0,0.0,1.0,1.0,0.0,10.0,10.0,0.0
right,0.988,11.0,11.0,0.0,1.0,1.0,0.0,1.0,1.0,0.0,1.0,1.0,0.0,10.0,10.0,0.0
right,0.99,11.0,11.0,0.0,1.0,1.0,0.0,1.0,1.0,0.0,1.0,1.0,0.0,10.0,10.0,0.0
right,0.992,11.0,11.0,0.0,1.0,1.0,0.0,1.0,1.0,0.0,1.0,1.0,0.0,10.0,10.0,0.0
right,0.994,11.0,11.0,0.0,1.0,1.0,0.0,1.0,1.0,0.0,1.0,1.0,0.0,10.0,10.0,0.0
right,0.996,11.0,11.0,0.0,1.0,1.0,0.0,1.0,1.0,0.0,1.0,1.0,0.0,10.0,10.0,0.0
right,0.998,11.0,11.0,0.0,1.0,1.0,0.0,1.0,1.0,0.0,1.0,1.0,0.0,10.0,10.0,0.0
right,0.9999999999999999,11.0,11.0,0.0,1.0,1.0,0.0,1.0,1.0,0.0,1.0,1.0,0.0,10.0,10.0,0.0
